"opendata_name","better_name"
"199__SYDEC40","SYDEC40"
"2_AM0001_SMOYS","SMOYS"
"202__TE64","Territoire d'énergie Pyrénées-Atlantiques"
"203__SEHV","Syndicat, Énergies Haute-Vienne"
"3_AM0002_Vauclus'elec","Vauclus'elec"
"375__SYDED","Syndicat mixte d'Électricité du Doubs"
"373__SYDESL","Syndicat Départemental d'Energie de Saône et Loire"
"376__TDE90","Territoire d'Énergie 90"
"406__eborn","eborn"
"49__VILLE DE NANCY","Ville de Nancy"
"6EME AVENUE - BMW","BMW"
"ACCOR HOTELS","Accor Hotels"
"ACCOR Hotels","Accor Hotels"
"ACCOR Hotels","Accor Hotels"
"ALTERBASE86","AlterBase"
"ALTERBASE87","AlterBase"
"ALTERBASE88","AlterBase"
"Amplitudebmw37170*3","BMW"
"ARCACHON","Arcachon"
"Avia Picoty","Avia"
"Avia Picoty | FR*PY2","Avia"
"Avis Location Voiture","Avis"
"AXXIA, concessionnaire BMW","BMW"
"BE CABLE","Be Cablé"
"BECABLE","Be Cablé"
"BEST WESTERN","Best Western"
"BMW","BMW"
"BMW - BMS Evreux","BMW"
"BMW - BMS LE HAVRE","BMW"
"BMW - BMS Mantes","BMW"
"BMW - MINI Normandy Avenue Saint-Arnoult","BMW & MINI"
"BMW / MINI Savy Beaune","BMW & MINI"
"BMW / MINI Savy Pontarlier","BMW & MINI"
"BMW & MINI BAYERN AUTO SPORT","BMW & MINI"
"BMW 6ème Avenue Bourgoin","BMW"
"BMW Amplitude Automobiles Blois","BMW"
"BMW Amplitude Automobiles Tours","BMW"
"BMW Amplitude Motos Tours","BMW"
"BMW BAYERN AUTO SPORT","BMW"
"BMW BAYERN AVENUE","BMW"
"BMW Beaurains","BMW"
"BMW CAEN - Normandy Avenue","BMW"
"BMW Car Premium Douai - Groupe Lempereur","BMW"
"BMW Charrier Cholet-Automobiles","BMW"
"Bmw Cholet","BMW"
"BMW Colmar","BMW"
"BMW Dupont Montargis","BMW"
"BMW Dupont Orléans","BMW"
"BMW DYNAMISM Automobiles ANGERS","BMW"
"BMW DYNAMISM Automobiles SAUMUR","BMW"
"BMW FOURNIER SA BALLAINVILLIERS","BMW"
"BMW FOURNIER SA VILLEBON SUR YVETTE","BMW"
"BMW GUÉRANDE - Cap Ouest","BMW"
"Bmw Lattes","BMW"
"BMW LORIENT","BMW"
"BMW MINI Indigo Juvisy","BMW & MINI"
"BMW MINI Indigo Lisses","BMW & MINI"
"BMW MINI Panel Sens","BMW & MINI"
"Bmw Mini Saint-Herblain","BMW & MINI"
"BMW Montélimar - Fourel","BMW"
"BMW Mulhouse","BMW"
"BMW NANTES - Pays de Loire Automobiles","BMW"
"BMW Ouest Motors Brest","BMW"
"BMW QUIMPER","BMW"
"BMW REZÉ - Pays de Loire Automobiles","BMW"
"BMW ROYAL SA MEYLAN","BMW"
"BMW Savy Besançon","BMW"
"BMW Savy Chalon sur Saône","BMW"
"BMW Savy Chaumont","BMW"
"BMW Savy Dijon","BMW"
"BMW Savy Dole","BMW"
"BMW Savy Lons le Saunier","BMW"
"BMW Valence - Garage Fourel","BMW"
"Boulanger - Siège Social",
"Boulanger Englos",
"Bouygues E&S","Bouygues Energies & Services"
"BREST METROPOLE","Brest Métropole"
"BRIOCHES FONTENEAU","Brioches Fonteneau"
"Btwin village",
"BYmyCAR BMW","BMW"
"CC VITRY CHAMPAGNE ET DER","Communauté de communes Vitry, Champagne et Der"
"CITROEN","Citroën"
"Compagnie Nationale du Rhône (CNR)","Compagnie Nationale du Rhône"
"concession HYUNDAI","Hyundai"
"Concessionnaire Hyundai Sens","Hyundai"
"Concessionnaire RENAULT","Renault"
"concessionnaire TOYOTA / NISSAN","Toyota Nissan"
"concessionnaire VOLVO","Volvo"
"COURTEPAILLE","Courtepaille"
"CPO CITEOS Mobive","Mobive"
"CPO CITEOS Region-Bfc","Region Bourgogne-Franche-Comté"
"CPO CITEOS SDE54","Grand Est Mobilité Electrique"
"CPO CITEOS SMOYS","Syndicat mixte Orge-Yvette-Seine"
"CPO CITEOS Vaucluse","Vaucluse"
"Décathlon","Decathlon"
"Decathlon Bourgoin Jallieu","Decathlon"
"Decathlon Marcq-en-Baroeul Domyos","Decathlon"
"Decathlon Orange","Decathlon"
"Easy Charge | FR*ECH","Easy Charge"
"ECO-PI","Eco-Pi"
"Edenauto - Nissan P&eacute;rigueux","Edenauto Nissan"
"EDENAUTO NISSAN","Edenauto Nissan"
"edenauto Premium BMW Béziers","Edenauto Premium BMW"
"Edenauto Premium BMW Bordeaux","Edenauto Premium BMW"
"edenauto premium BMW Brive","Edenauto Premium BMW"
"Edenauto Premium BMW Carcassonne","Edenauto Premium BMW"
"edenauto Premium BMW Lescar","Edenauto Premium BMW"
"Edenauto Premium BMW Limoges","Edenauto Premium BMW"
"Edenauto Premium BMW Narbonne","Edenauto Premium BMW"
"edenauto Premium BMW Tarbes","Edenauto Premium BMW"
"Eiffage Energie Systèmes | FR*WGO","Eiffage Energie Systèmes"
"ELECTRA","Electra"
"ELECTROMAPS","Electromaps"
"E.Leclerc | FR*LE2","E.Leclerc"
"ELECTRIC 55 CHARGING","Electric 55 Charging"
"E-Motum | FR*EMO","E-Motum"
"E-MOTUM","E-Motum"
"Enerstock | FR*ENT","Enerstock"
"ENGIE Mobilités Electriques","Engie Mobilités Électriques"
"E-TOTEM","e-Totem"
"Faroad | FR*EVE","Faroad"
"FLEX-E","Flex-E"
"FORD","Ford"
"FRESHMILE","Freshmile"
"Freshmile France","Freshmile"
"Freshmile | FR*FR1","Freshmile"
"Gamm vert","Gamm Vert"
"Greenflux","GreenFlux"
"H&ocirc;tel Campanile Talange","Campanile"
"H&ocirc;tel Kyriad Crepy en Valois","Kyriad"
"H&ocirc;tel Kyriad Pontarlier","Kyriad"
"H&ocirc;tel Kyriad Rouen Sud Val de Reuil","Kyriad"
"H&ocirc;tel Mercure Villeneuve-sur-Lot - Le Moulin de Madame","Mercure"
"HOTEL KYRIAD PARIS BEZONS","Kyriad"
"HUCHET SAS - BMW RENNES","BMW"
"HUCHET SAS - BMW SAINT MALO","BMW"
"Hyundai","Hyundai"
"Hyundai - Bourges - ELLIPSE Automobiles","Hyundai"
"Hyundai - Châteauroux - ELLIPSE Automobiles","Hyundai"
"Hyundai - Issy les Moulineaux - Ellipse Automobiles","Hyundai"
"Hyundai - Kremlin-Bicêtre - ELLIPSE Automobiles","Hyundai"
"Hyundai - Montargis - ELLIPSE Automobiles","Hyundai"
"Hyundai - MV automobiles  Dieppe","Hyundai"
"Hyundai Agen - Manfé","Hyundai"
"Hyundai Albertville - Jean Lain Automobiles","Hyundai"
"Hyundai Angers - Oceane Automobiles","Hyundai"
"Hyundai Annemasse - Jean Lain Automobiles","Hyundai"
"HYUNDAI ARRAS - AUTOLEADER","Hyundai"
"Hyundai Aubenas - Gounon Automobiles","Hyundai"
"Hyundai Auch - Auch Automobile","Hyundai"
"Hyundai Bastia - Corse Diffusion Hyundai","Hyundai"
"Hyundai Brest - Iroise Automobiles","Hyundai"
"Hyundai Brignoles - Thaon & Fils","Hyundai"
"Hyundai Brive-la-Gaillarde - Garage Pouget","Hyundai"
"Hyundai Bruay-La-Buissière - Groupe Lempereur","Hyundai"
"Hyundai Chalon-sur-Saône - Groupe Guillet","Hyundai"
"Hyundai Chaumont - Garage Michel Bazin","Hyundai"
"Hyundai Fontainebleau - BR Motors","Hyundai"
"Hyundai GCA Avranches","Hyundai"
"Hyundai Laval - GCA","Hyundai"
"Hyundai Le Havre - Imporauto","Hyundai"
"Hyundai Le Pontet","Hyundai"
"Hyundai Lille Lomme - Valauto","Hyundai"
"Hyundai Lille Villeneuve-d'Ascq - V2 Automobiles","Hyundai"
"Hyundai Lorient - Auto Océane","Hyundai"
"Hyundai Manosque - Pedinielli","Hyundai"
"Hyundai Marseille - Autodif SAS - Groupe BALDASSARI","Hyundai"
"Hyundai Melun - BR Motors","Hyundai"
"Hyundai Metz - Theobald Automobiles","Hyundai"
"HYUNDAI MONTAUBAN","Hyundai"
"Hyundai Montceau-les-Mines - Zénith Motors","Hyundai"
"HYUNDAI Nancy - Théobald Automobiles","Hyundai"
"Hyundai Nantes - Pacific cars","Hyundai"
"Hyundai Neufchâteau - Garage de l'étoile","Hyundai"
"Hyundai Niort - West Auto Motors","Hyundai"
"Hyundai Pertuis - Pedinielli","Hyundai"
"Hyundai Quimper - Iroise Automobiles","Hyundai"
"Hyundai Rodez - Moutiers Automobiles","Hyundai"
"Hyundai Saint-Gaudens - Innovation Automobiles","Hyundai"
"Hyundai Saint-Lô - GCA","Hyundai"
"Hyundai Saint-Malo - GCA","Hyundai"
"Hyundai Saint-Omer - CAREXEL","Hyundai"
"Hyundai Sarreguemines - Théobald Automobiles","Hyundai"
"Hyundai Strasbourg - HESS Automobile","Hyundai"
"HYUNDAI Thionville - Théobald Automobiles","Hyundai"
"Hyundai Toulon - Autodif SAS - Groupe BALDASSARI","Hyundai"
"Hyundai Valence - Valence Motors","Hyundai"
"Hyundai Valenciennes - ADNH","Hyundai"
"Hyundai Vannes - Park Lann Automobiles","Hyundai"
"Hyundai Vichy - Euromab","Hyundai"
"Ibis Styles Lille A&eacute;roport","Ibis Styles"
"INDIGO FRANCE","Indigo France"
"IZIVIA","Izivia"
"IZIVIA - MAMP","Izivia"
"IZIVIA EXPRESS","Izivia Express"
"IZIVIA METROPOLES","Izivia Métropoles"
"Kia - MOTORS 76 Dieppe","Kia"
"KIA - Nîmes","Kia"
"KYRIAD DIRECT DIJON SUD","Kyriad"
"KYRIAD DIRECT NEVERS NORD - Varennes Vauzelles","Kyriad"
"LECLERC","E. Leclerc"
"Leclerc Biars","E. Leclerc"
"Leclerc Mimizan","E. Leclerc"
"Leclerc Mios","E. Leclerc"
"LIDL France","Lidl France"
"LITTORAL AUTOMOBILES - BMW","BMW"
"MINI BYmyCAR 77","MINI"
"MINI Panel Auxerre","MINI"
"MINI Panel Melun","MINI"
"MINI STORE TOURS Amplitude Automobiles","MINI"
"MOBIVE - FDEE 19","MobiVE"
"MOBIVE - SDE 24","MobiVE"
"MOBIVE - SDEEG 33","MobiVE"
"MOBIVE - SDEER 17","MobiVE"
"MOBIVE - SDEG 16","MobiVE"
"MOBIVE - SDEPA 64","MobiVE"
"MOBIVE - SEHV87","MobiVE"
"MOBIVE - SYDEC 40","MobiVE"
"MOBIVE - TE 47","MobiVE"
"Mobilygreen CPO","Mobilygreen"
"Mobilygreen | FR*MW1","Mobilygreen"
"Montpellier Mediterranee Metropole","Montpellier Méditerranée Métropole"
"NW IECharge","IECharge"
"OUEST CHARGE - 29","Ouest Charge"
"OUEST CHARGE - 35","Ouest Charge"
"Ouest Concept Automobiles - BMW Morlaix","BMW"
"OuestBmw22950*1","BMW"
"PANEL FONTAINEBLEAU Mini","MINI"
"Parking de la Poste - Parcheghju &agrave; a Posta",
"Parking marin - Parcheghju marinu",
"pass pass électrique","Pass pass électrique"
"PLAGECO DISTRIBUTION","Plageco Distribution"
"RENAULT","Renault"
"RENAULT - Autobernard - BESANCON","Renault"
"RENAULT AVON","Renault"
"RENAULT DPL AUTOMOBILES","Renault"
"RENAULT GIRARDIN","Renault"
"RENAULT SAVY","Renault"
"Réseau eborn","eborn"
"RT78","Rambouillet Territoires"
"SIEML","Siéml"
"SIGEIF","Sigeif"
"SIXT","Sixt"
"Sixt location de voitures","Sixt"
"SOC D'IMPORTATION LECLERC (SIPLEC)","Soc d’Importation Leclerc"
"SOREGIES","Sorégies"
"Soregies","Sorégies"
"SPBR1 | FR*EBN","eborn"
"SPIE CITYNETWORKS","SPIE CityNetworks"
"SUPER U CARQUEFOU","Super U"
"Syndicat Départemental Énergie Aube (SDEA) | FR*S10","Syndicat Départemental Énergie Aube"
"Syndicat Départemental Énergie Aube (SDEA)","Syndicat Départemental Énergie Aube"
"Syndicat mixte d'Électricité du Doubs (SYDED) | FR*S25","Syndicat mixte d'Électricité du Doubs"
"Syndicat mixte d'Électricité du Doubs (SYDED)","Syndicat mixte d'Électricité du Doubs"
"TEM53","Territoire d'Énergie Mayenne"
"TESLA","Tesla"
"TESLA France","Tesla France"
"TESLA France SARL","Tesla France"
"TESLA SUPERCHARGER","Tesla Supercharger"
"total énergie","TotalEnergies"
"Total marketing france","TotalEnergies"
"TOTALENERGIES","TotalEnergies"
"TotalEnergies Charging Services","TotalEnergies"
"TotalEnergies Marketing France","TotalEnergies"
"Toulouse Metropole","Toulouse Métropole"
"TOYOTA","Toyota"
"UNIBAIL","Unibail"
"VOLVO","Volvo"
"VOLVO Belfort - Everline SAS","Volvo"
"VOLVO Besançon - Everline SAS","Volvo"
"VOLVO Colmar - Everline SAS","Volvo"
"VOLVO Épinal - Everline SAS","Volvo"
"WAAT Tertiaire","Waat"
"WAAT Umbrella-Copro","Waat"
"WAAT SAS | FR*WA2","Waat"
"WAAT SAS | FR*WA3","Waat"
"WAAT SAS | FR*WA4","Waat"
"WAAT SAS | FR*WA5","Waat"
"WAAT sas","Waat"
"WIIIZ","WiiiZ"
"ZENPARK","Zenpark"
"Zephyre | FR*ZP1","Zephyre"
"Zunder | ES*ZUN","Zunder"
"help@electra.com","help@go-electra.com"
"Mo-Su 00:00-24:00","24/7"
"Su,Mo,We,Fr,Tu,Sa,Th  00:00-23:59","24/7"
"Fr,Sa,Su,Tu,We,Th,Mo  00:00-23:59","24/7"
"tel:+352-25-36-36-404","+33 1 70 48 46 00"
"tel:+33-1-23-45-67-89",""
