nom_operateur,nom_enseigne
,CARREFOUR CONTACT GONDREVILLE
,CARREFOUR CONTACT RINXENT
,CARREFOUR EXPRESS LAMARCHE
,CARREOUR CONTACT  FORTSCHWIHR
,CPO CITEOS Mobive
,CPO CITEOS Region-Bfc
,CPO CITEOS SDE54
,CPO CITEOS SMOYS
,CPO CITEOS Vaucluse
,EPGML
,ESPACE CARROSSERIE DIJON
,HOTEL SAINT FERREOL
,ITM AUBIGNY SUR NERE
,ITM AUZANCES
,ITM BELLEU
,ITM BRASSAC LES MINES
,ITM CLERMONT DE L'OISE 1
,ITM COMBRONBE
,ITM CREPY EN VALOIS 
,ITM CROUY
,ITM GUERIGNY
,ITM LAMORLAYE 
,ITM MONTLUCON
,ITM NANTEUIL LE HAUDOUIN
,ITM NEVERS
,ITM PIERRE DE BRESSE 
,ITM SAINT DIZIER
,ITM ST GEORGES DE MONS
,L'HOSTELLOISE HOTEL DES BAINS
,LABORATOIRE ESTRADE HUART
,MAIRIE ORMOY VILLERS
,MAIRIE PEROY LES GOMBRIES
,PLATEAU_YZERON
,ROBOTIC COVER CONCEPT
,Réseau de recharge Charge-in
,STATION BAGNEUX
,SUPER U BRUAY SUR L'ESCAUT
	SOCIETE BRICORTHE,WELDOM
270 AGENCY,270 AGENCY
ATRACHATA,ATRACHATA
Acelec Charge,Acelec
Acelec Charge,Camaïeu France
Acelec Charge,Kyriad
Allego,ALLEGO
Allego,Allego - Aire De Livron_A7
Allego,Allego - Aire de Boutroux_A10
Allego,Allego - Aire de Chavagnes_A83
Allego,Allego - Aire de Heron Cendre_A10
Allego,Allego - Aire de La Bruche_A355
Allego,Allego - Aire de La Chaussee de Cesar_A71
Allego,Allego - Aire de La Dauneuse_A10
Allego,Allego - Aire de Lamanon_A7
Allego,Allego - Aire de Les Brouzils_A83
Allego,Allego - Aire de Lespignan Nord_A9
Allego,Allego - Aire de Lespignan Sud_A9
Allego,Allego - Aire de Nabrigas_A9
Allego,Allego - Aire de Pirmil Est_A11
Allego,Allego - Aire de Pirmil Ouest_A11
Allego,Allego - Aire de Quincy_A71
Allego,Allego - Aire de Rouillé Pamproux Nord_A10
Allego,Allego - Aire de Senas Ouest_A7
Allego,Allego - Aire de Toulouse Sud Nord_A61
Allego,Allego - Aire de la Coucourde_A7
Allego,Allego - Amiens Maison De La Culture
Allego,Allego - Au Bureau Abbeville
Allego,Allego - Au Bureau Angoulême
Allego,Allego - Au Bureau Beauvais
Allego,Allego - Au Bureau Brignais
Allego,Allego - Au Bureau Cambrai
Allego,Allego - Au Bureau Cognac
Allego,Allego - Au Bureau Ecole Valentin
Allego,Allego - Au Bureau Laon
Allego,Allego - Au Bureau Morlaix
Allego,Allego - Au Bureau Soissons
Allego,Allego - Au Bureau Thionville
Allego,Allego - Au Bureau Villejust
Allego,Allego - Auchan Aix-En-Provence
Allego,Allego - Auchan Champniers
Allego,Allego - Auchan Fenouillet
Allego,Allego - Auchan Fréjus
Allego,Allego - Auchan Nîmes
Allego,Allego - Auchan Saint-Etienne
Allego,Allego - Auchan Valence Sud
Allego,Allego - B&M Bourg-En-Bresse
Allego,Allego - B&M Bourges
Allego,Allego - B&M Colmar - Horbourg
Allego,Allego - B&M Epinal - Golbey
Allego,Allego - B&M Essey-Les-Nancy
Allego,Allego - B&M Limoges Couzeix
Allego,Allego - B&M Martigues
Allego,Allego - B&M Montlucon
Allego,Allego - B&M Perigueux - Marsac
Allego,Allego - B&M Reims Courcelles
Allego,Allego - B&M Rouen
Allego,Allego - Buffalo Grill Ploeren
Allego,Allego - Buffalo Grill St Jean De Vedas
Allego,Allego - Buffalo Grill St Lo
Allego,Allego - Burger King Agen Boé
Allego,Allego - Burger King Ambérieu en Bugey
Allego,Allego - Burger King Bayonne Saint-Léon
Allego,Allego - Burger King Beychac-et-Caillau
Allego,Allego - Burger King Chelles Sud
Allego,Allego - Burger King Epinal Golbey
Allego,Allego - Burger King Eragny
Allego,Allego - Burger King La Seyne sur Mer
Allego,Allego - Burger King La Ville-du-Bois
Allego,Allego - Burger King Limoges Feytiat
Allego,Allego - Burger King Lure
Allego,Allego - Burger King Lyon Bron
Allego,Allego - Burger King Martigues L'Escaillon
Allego,Allego - Burger King Maurepas
Allego,Allego - Burger King Montceau-les-Mines
Allego,Allego - Burger King Montpellier Près d'Arènes
Allego,Allego - Burger King Moulins Yzeure
Allego,Allego - Burger King Nemours
Allego,Allego - Burger King Orléans Ingré
Allego,Allego - Burger King Orléans Saran
Allego,Allego - Burger King Ornex
Allego,Allego - Burger King Pontault-Combault Le Pavé
Allego,Allego - Burger King Roanne Mably
Allego,Allego - Burger King Taverny
Allego,Allego - Burger King Toulouse Colomiers
Allego,Allego - Burger King Toulouse Noé Capens
Allego,Allego - Burger King Toulouse Portet-sur-Garonne
Allego,Allego - Burger King Trans En Provence
Allego,Allego - Burger King Troarn
Allego,Allego - Burger King Villeneuve les Beziers
Allego,Allego - Burger King Villers Semeuse
Allego,Allego - Burger King Villiers-sur-Marne
Allego,Allego - But Colmar
Allego,Allego - But Orléans Saran
Allego,Allego - Carrefour Aire-sur-la-Lys
Allego,Allego - Carrefour Alençon
Allego,Allego - Carrefour Amiens
Allego,Allego - Carrefour Angers Grand Maine
Allego,Allego - Carrefour Angers St Serge
Allego,Allego - Carrefour Anglet
Allego,Allego - Carrefour Angoulins
Allego,Allego - Carrefour Annecy
Allego,Allego - Carrefour Antibes
Allego,Allego - Carrefour Armentières
Allego,Allego - Carrefour Athis-Mons
Allego,Allego - Carrefour Auch
Allego,Allego - Carrefour Auchy les Mines
Allego,Allego - Carrefour Avignon Cap Sud
Allego,Allego - Carrefour Avignon Courtine
Allego,Allego - Carrefour Avranches
Allego,Allego - Carrefour Barentin
Allego,Allego - Carrefour Bassens
Allego,Allego - Carrefour Bayeux
Allego,Allego - Carrefour Beaucaire
Allego,Allego - Carrefour Beauvais Centre
Allego,Allego - Carrefour Berck
Allego,Allego - Carrefour Besancon Chalezeule
Allego,Allego - Carrefour Besancon Valentin
Allego,Allego - Carrefour Bourg en Bresse
Allego,Allego - Carrefour Bourges
Allego,Allego - Carrefour Brest
Allego,Allego - Carrefour Brive
Allego,Allego - Carrefour Bègles
Allego,Allego - Carrefour Calais
Allego,Allego - Carrefour Chalon Nord
Allego,Allego - Carrefour Chalon Sud
Allego,Allego - Carrefour Chalons-en-Champagne
Allego,Allego - Carrefour Chambourcy
Allego,Allego - Carrefour Champs-sur-Marne
Allego,Allego - Carrefour Charleville
Allego,Allego - Carrefour Chartres
Allego,Allego - Carrefour Chateauneuf Les Martigues
Allego,Allego - Carrefour Chelles
Allego,Allego - Carrefour Cholet
Allego,Allego - Carrefour Châteauroux
Allego,Allego - Carrefour Claye-Souilly
Allego,Allego - Carrefour Collégien
Allego,Allego - Carrefour Condé
Allego,Allego - Carrefour Coquelles
Allego,Allego - Carrefour Crèches sur Saone
Allego,Allego - Carrefour Dax
Allego,Allego - Carrefour Denain
Allego,Allego - Carrefour Digne
Allego,Allego - Carrefour Douai
Allego,Allego - Carrefour Draguignan
Allego,Allego - Carrefour Drancy
Allego,Allego - Carrefour Echirolles
Allego,Allego - Carrefour Ecully
Allego,Allego - Carrefour Epernay
Allego,Allego - Carrefour Epinal
Allego,Allego - Carrefour Etampes
Allego,Allego - Carrefour Evreux
Allego,Allego - Carrefour Fecamp
Allego,Allego - Carrefour Feurs
Allego,Allego - Carrefour Flins sur Seine
Allego,Allego - Carrefour Fougères
Allego,Allego - Carrefour Fourmies
Allego,Allego - Carrefour Francheville
Allego,Allego - Carrefour Givors
Allego,Allego - Carrefour Goussainville
Allego,Allego - Carrefour Gruchet
Allego,Allego - Carrefour Guingamp
Allego,Allego - Carrefour Guéret
Allego,Allego - Carrefour Hazebrouck
Allego,Allego - Carrefour Hérouville
Allego,Allego - Carrefour Isle d'Abeau
Allego,Allego - Carrefour Issoire
Allego,Allego - Carrefour L'Hay-Les-Roses
Allego,Allego - Carrefour La Chapelle
Allego,Allego - Carrefour La Roche Sur Yon
Allego,Allego - Carrefour La Ville Du Bois
Allego,Allego - Carrefour Lanester
Allego,Allego - Carrefour Laon
Allego,Allego - Carrefour Lattes
Allego,Allego - Carrefour Laval
Allego,Allego - Carrefour Le Cres
Allego,Allego - Carrefour Le Mans
Allego,Allego - Carrefour Les Ulis
Allego,Allego - Carrefour Lesparre
Allego,Allego - Carrefour Libourne
Allego,Allego - Carrefour Limay
Allego,Allego - Carrefour LimogesBoisseuil
Allego,Allego - Carrefour Liévin
Allego,Allego - Carrefour Lorient
Allego,Allego - Carrefour Lormont
Allego,Allego - Carrefour Lyon Part-Dieu - Parking des Cuirassiers
Allego,Allego - Carrefour Mably
Allego,Allego - Carrefour Marseille Merlan
Allego,Allego - Carrefour Maubeuge
Allego,Allego - Carrefour Mondeville
Allego,Allego - Carrefour Mont de Marsan
Allego,Allego - Carrefour Mont-St-Aignan
Allego,Allego - Carrefour Montereau
Allego,Allego - Carrefour Montesson
Allego,Allego - Carrefour Montluçon
Allego,Allego - Carrefour Montélimar
Allego,Allego - Carrefour Moulins
Allego,Allego - Carrefour Mulhouse
Allego,Allego - Carrefour Mérignac
Allego,Allego - Carrefour Nantes Beaulieu
Allego,Allego - Carrefour Nevers
Allego,Allego - Carrefour Niort
Allego,Allego - Carrefour Nîmes Ouest
Allego,Allego - Carrefour Nîmes Sud
Allego,Allego - Carrefour Ollioules
Allego,Allego - Carrefour Orange
Allego,Allego - Carrefour Orleans Place d'Arc
Allego,Allego - Carrefour Ormesson
Allego,Allego - Carrefour Paimpol
Allego,Allego - Carrefour Pau Lescar
Allego,Allego - Carrefour Perpignan Claira
Allego,Allego - Carrefour Perpignan Roussillon
Allego,Allego - Carrefour Pontault
Allego,Allego - Carrefour Port de Bouc
Allego,Allego - Carrefour Portet s-Garonne
Allego,Allego - Carrefour Puget sur Argens
Allego,Allego - Carrefour Purpan
Allego,Allego - Carrefour Quetigny
Allego,Allego - Carrefour Quimper
Allego,Allego - Carrefour Rambouillet
Allego,Allego - Carrefour Reims Cernay
Allego,Allego - Carrefour Reims Tinqueux
Allego,Allego - Carrefour Rennes Cesson
Allego,Allego - Carrefour Rethel
Allego,Allego - Carrefour Riom
Allego,Allego - Carrefour Romorantin
Allego,Allego - Carrefour Saint-André-Les-Vergers
Allego,Allego - Carrefour Saint-Brieuc
Allego,Allego - Carrefour Saint-Clément-De-Rivière
Allego,Allego - Carrefour Saint-Egrève
Allego,Allego - Carrefour Saint-Pol
Allego,Allego - Carrefour Sainte Geneviève
Allego,Allego - Carrefour Salaise
Allego,Allego - Carrefour Sallanches
Allego,Allego - Carrefour Sannois
Allego,Allego - Carrefour Saran
Allego,Allego - Carrefour Sartrouville
Allego,Allego - Carrefour Sens Maillot
Allego,Allego - Carrefour Sens Voulx
Allego,Allego - Carrefour Sevran
Allego,Allego - Carrefour Soyaux
Allego,Allego - Carrefour St Brice
Allego,Allego - Carrefour St Herblain
Allego,Allego - Carrefour St Jean de Luz
Allego,Allego - Carrefour St Jean de Vedas
Allego,Allego - Carrefour St-Martin au Laert
Allego,Allego - Carrefour Stains
Allego,Allego - Carrefour Sète Balaruc
Allego,Allego - Carrefour Ségny
Allego,Allego - Carrefour Thiers
Allego,Allego - Carrefour Thionville
Allego,Allego - Carrefour Tours
Allego,Allego - Carrefour Tourville
Allego,Allego - Carrefour Trans
Allego,Allego - Carrefour Uzes
Allego,Allego - Carrefour Valenciennes
Allego,Allego - Carrefour Vannes
Allego,Allego - Carrefour Vaulx en Velin
Allego,Allego - Carrefour Venette
Allego,Allego - Carrefour Vernon
Allego,Allego - Carrefour Villabe
Allego,Allego - Carrefour Villefranche de Rouergue
Allego,Allego - Carrefour Villeurbanne
Allego,Allego - Carrefour Villiers
Allego,Allego - Carrefour Vitrolles
Allego,Allego - Carrefour Vénissieux
Allego,Allego - Carrefour Wasquehal
Allego,Allego - Carré Sénart
Allego,Allego - Centrakor Exincourt
Allego,Allego - Centrakor Rennes
Allego,Allego - Centrakor St Bonnet de Mure
Allego,Allego - Clermont-Ferrand Jaude
Allego,Allego - Créteil Soleil
Allego,Allego - Cuisinella Cholet
Allego,Allego - Darty Amiens
Allego,Allego - Darty Brest
Allego,Allego - Darty Troyes
Allego,Allego - Darty Vitrolles
Allego,Allego - Drôme Energie Bourg de Péage
Allego,Allego - Drôme Energie Valence Sud
Allego,Allego - Fournier Limoges
Allego,Allego - Grand Frais La Sentinelle Valenciennes
Allego,Allego - Géant Casino Dijon Chenôve
Allego,Allego - Intermarché Limoges
Allego,Allego - Intermarché Montpellier
Allego,Allego - Intermarché Saint-Louis
Allego,Allego - Intermarché Tours La Riche
Allego,Allego - Intersport Kingersheim
Allego,Allego - La Seguiniere Outlet
Allego,Allego - La Vallée Village
Allego,Allego - Leclerc Blagnac
Allego,Allego - Leclerc Saint-Orens
Allego,Allego - Lidl Salaise Sur Sanne
Allego,Allego - Léon Chalon Sur Saone
Allego,Allego - Léon Servon
Allego,Allego - Maison du Monde Niort
Allego,Allego - Marseille Grand Littoral
Allego,Allego - Pathe Atlantis Saint Herblain
Allego,Allego - Pathé Archamps
Allego,Allego - Pathé Aubières
Allego,Allego - Pathé Brumath
Allego,Allego - Pathé Conflans
Allego,Allego - Pathé Liévin
Allego,Allego - Pathé Reims Thillois
Allego,Allego - Pathé Rouen Grand Quevilly
Allego,Allego - Pathé Saran
Allego,Allego - Pathé Valenciennes
Allego,Allego - Rennes Alma
Allego,Allego - Stokomani Guichainville
Allego,Allego - Thiais Belle Epine
Allego,Allego - Tisséo Balma Gramont
Allego,Allego - Tisséo Basso Cambo
Allego,Allego - Tisséo Borderouge
Allego,Allego - Tisséo Ramonville
Allego,Allego - Toulouse Nailloux Outlet
Allego,Allego - Val d'Europe
Allego,Allego - Volfoni Montargis Amilly
Allego,Carrefour Energies
Allego,GreenToWheel
Allego,Klépierre
Altensys | FR*ALS,Altensys
Alterna Énergie,Alterna Énergie
Atlante France,Atlante  - Audincourt - Sport 2000
Atlante France,Atlante -  Saint Saturnin - Le Portofino
Atlante France,Atlante - A10 - Aire de service de Meillac (direction Saintes)
Atlante France,Atlante - A10 - Aire de service de Saint-Léger Ouest (direction Bordeaux)
Atlante France,Atlante - A89 - Aire de service du Chavanon (accessible dans les 2 sens)
Atlante France,Atlante - A9 - Aire de service de Marguerittes Sud (direction Orange)
Atlante France,Atlante - Albi - La Mie de Pain
Atlante France,Atlante - Amiens - CCV Amiens
Atlante France,Atlante - Arnage - Hôtel Restaurant Campanile Le Mans Sud Arnage
Atlante France,Atlante - Arques - CCV Saint-Omer
Atlante France,Atlante - Arçonnay - Burger King
Atlante France,Atlante - Arçonnay - King Jouet Alençon
Atlante France,Atlante - Autun - Plan d'Eau du Vallon
Atlante France,Atlante - Bailleul - Decathlon
Atlante France,Atlante - Barentin - Ixina Rouen
Atlante France,Atlante - Beauvais -  Riester Opel
Atlante France,Atlante - Beauvais - Peugeot Autosphere
Atlante France,Atlante - Bessoncourt - CCV Belfort
Atlante France,Atlante - Blois - Hôtel initial by Balladins Blois
Atlante France,Atlante - Bourg-de-Péage - La Bannetiere
Atlante France,Atlante - Bretteville-sur-Odon - Trampoline Park Caen
Atlante France,Atlante - Bruay-la-Buissière - CCV Bruay
Atlante France,Atlante - Buchelay - Fitness Park
Atlante France,Atlante - Calais - Kiabi CALAIS
Atlante France,Atlante - Castelnaud-de-Gratecambe - Golf de Villeneuve sur Lot
Atlante France,Atlante - Cernay-lès-Reims - Restaurant Chez Vincent
Atlante France,Atlante - Chalon-sur-Saône - Lidl
Atlante France,Atlante - Chambray-lès-Tours - CCV Tours
Atlante France,Atlante - Chambray-lès-Tours - Le Portofino
Atlante France,Atlante - Champniers - CCV Angoulême
Atlante France,Atlante - Chanas - Hôtel initial by Balladins Lyon / Chanas
Atlante France,Atlante - Châteauneuf-les-Martigues - Jaï Automobiles
Atlante France,Atlante - Châtellerault - Citroën Autosphere
Atlante France,Atlante - Clermont-Ferrand - CCV Clermont-Ferrand
Atlante France,Atlante - Colomiers - Boulangerie Ange
Atlante France,Atlante - Coudekerque-Branche - GÉMO
Atlante France,Atlante - Coulommiers - Riester Peugeot
Atlante France,Atlante - Danjoutin - Gifi Belfort
Atlante France,Atlante - Dreux - CHAUSSEA Dreux
Atlante France,Atlante - Echirolles - Decathlon Grenoble Echirolles
Atlante France,Atlante - Erstein - Hôtel Restaurant Crystal Erstein
Atlante France,Atlante - Essômes-sur-Marne - CHAUSSEA
Atlante France,Atlante - Eysines - Hôtel initial by balladins Bordeaux / Eysines
Atlante France,Atlante - Fléville-devant-Nancy - Restaurant La Parenthèse
Atlante France,Atlante - Gauriaguet - L' Ange Bleu
Atlante France,Atlante - Glisy - CHAUSSEA
Atlante France,Atlante - Grenoble - Centre Commercial Grand Place
Atlante France,Atlante - Houssen - CCV Colmar
Atlante France,Atlante - Ibos - Auberge EverHôtel de Tarbes-Ibos
Atlante France,Atlante - Issoire - Restaurant Le Chapeau Rouge
Atlante France,Atlante - Istres - Casa
Atlante France,Atlante - Istres - KHAAN Istres
Atlante France,Atlante - Istres - Weldom
Atlante France,Atlante - La Chapelle-Saint-Luc - Restaurant La Mangoune
Atlante France,Atlante - La Teste-de-Buch - BYD Autosphere
Atlante France,Atlante - Landorthe - L'Orange bleue
Atlante France,Atlante - Laon - Action Laon 2
Atlante France,Atlante - Laon - JMT Laon
Atlante France,Atlante - Laval - Hôtel Restaurant Kyriad Laval
Atlante France,Atlante - Lempdes - B & M Lempdes
Atlante France,Atlante - Lempdes - TEDi
Atlante France,Atlante - Les Mathes - Golf de La Palmyre
Atlante France,Atlante - Limoges - Contact Hôtel Be Guest Limoges Sud
Atlante France,Atlante - Lingolsheim - Octapharma Tanneries
Atlante France,Atlante - Longueau - Action Amiens Longueau
Atlante France,Atlante - Mandelieu-la-Napoule - Sartoriz
Atlante France,Atlante - Mandelieu-la-Napoule - Sport 2000
Atlante France,Atlante - Maubeuge - Kia
Atlante France,Atlante - Meaux - Land Rover Meaux
Atlante France,Atlante - Metz - CCV Augny
Atlante France,Atlante - Miserey-Salines - CCV Besançon
Atlante France,Atlante - Montauban - Aldi
Atlante France,Atlante - Montauban - E.Leclerc
Atlante France,Atlante - Montluçon - Peugeot Autosphere Montluçon
Atlante France,Atlante - Montpellier - Centre commercial Odysseum parking de la Mer
Atlante France,Atlante - Mouans-Sartoux - Ibis Cannes
Atlante France,Atlante - Mougins - Royal Mougins Golf
Atlante France,Atlante - Muzillac - Action Muzillac
Atlante France,Atlante - Mâlain - Golf de la Chassagne
Atlante France,Atlante - Nanteuil-lès-Meaux - GÉMO MEAUX
Atlante France,Atlante - Niort - PEUGEOT NIORT
Atlante France,Atlante - Nitry -  Auberge La Beursaudière
Atlante France,Atlante - Orthez - Citroën Autosphere
Atlante France,Atlante - Pacé - Gifi Rennes Pacé
Atlante France,Atlante - Petite-Forêt - Darty Valenciennes
Atlante France,Atlante - Pissy-Pôville - CCV Rouen
Atlante France,Atlante - Plouigneau - Restaurant - traiteur Le Lywen
Atlante France,Atlante - Plounévez-Moëdec - L'Étape. Bar restaurant
Atlante France,Atlante - Poilley -  Restaurant Les Martinaises
Atlante France,Atlante - Presles - Le Domaine des Vanneaux
Atlante France,Atlante - Provins - Boulanger
Atlante France,Atlante - Provins - Riester Peugeot Citroën DS
Atlante France,Atlante - Puget-sur-Argens - Maisons du Monde
Atlante France,Atlante - Puilboreau - Campanile La Rochelle Nord
Atlante France,Atlante - Quimper - Boulangerie Aux 7 Epis Quimper
Atlante France,Atlante - Quimper - Golf  du Domaine de l'Orangerie de Lanniron
Atlante France,Atlante - Riom - Peugeot Autosphere
Atlante France,Atlante - Rivesaltes - GDC Perpignan
Atlante France,Atlante - Ruffec - Peugeot Ruffec Autosphere
Atlante France,Atlante - Saint-Agathon - Au Relais de Bellevue Bar Hôtel Restaurant
Atlante France,Atlante - Saint-Aubin-sur-Scie - Hôtel initial by Balladins Dieppe
Atlante France,Atlante - Saint-Brice-sous-Forêt - Générale d'Optique
Atlante France,Atlante - Saint-Chamond - Centre Commercial Novaciéries
Atlante France,Atlante - Saint-Doulchard - CCV Bourges (Face CHAUSSEA)
Atlante France,Atlante - Saint-Doulchard - CCV Bourges (Face Maxi Zoo)
Atlante France,Atlante - Saint-Gervais-la-Forêt - Action Blois Vineuil
Atlante France,Atlante - Saint-Junien - Citotel l'Azur
Atlante France,Atlante - Saint-Lô - Agneaux - Jules - Kiabi
Atlante France,Atlante - Saint-Martin-Boulogne - Easy Cash Boulogne
Atlante France,Atlante - Saint-Martin-Boulogne - Lapeyre
Atlante France,Atlante - Saint-Maximin - CCV Creil
Atlante France,Atlante - Saint-Memmie - 77 avenue du Président Roosevelt
Atlante France,Atlante - Saint-Paul-lès-Romans - Intersport
Atlante France,Atlante - Saint-Pierre-du-Mont - Hotel Abor
Atlante France,Atlante - Saint-Yrieix-sur-Charente - Greet Hotel Angoulême Ouest
Atlante France,Atlante - Sainte-Eulalie - Pizzeria Del Arte
Atlante France,Atlante - Salaise-sur-Sanne - Kiloutou
Atlante France,Atlante - Samazan - Brasserie des Pins
Atlante France,Atlante - Sedan - Hôtel Restaurant Kyriad
Atlante France,Atlante - Sin le Noble - Restaurant du Golf du Bois des Retz
Atlante France,Atlante - Tavers - GÉMO
Atlante France,Atlante - Terville - CCV Thionville
Atlante France,Atlante - Thillois - CCV Reims
Atlante France,Atlante - Thonon-les-Bains - Armand Thiery
Atlante France,Atlante - Ussel - Correze Automobiles
Atlante France,Atlante - Ussel - Restaurant l'étable
Atlante France,Atlante - Vannes - Aubert Vannes
Atlante France,Atlante - Vendin-le-Vieil - Boulangerie Louise
Atlante France,Atlante - Vesoul - Cinéma Majestic
Atlante France,Atlante - Vezin-le-Coquet - Restaurant La Braizh
Atlante France,Atlante - Vidauban - Parking de la Tuilerie
Atlante France,Atlante - Villefranche-de-Rouergue - Picard
Atlante France,Atlante - Villeneuve d'Ascq - Kiabi Villeneuve d'Ascq
Atlante France,Atlante - Wittenheim - CCV Wittenheim
Atlante France,Atlante - Wittenheim - Destock Tout Mulhouse
Atlante France,Atlante - Yvrac - Hôtel Gardenia Yvrac Bordeaux Est
Atlante France,Atlante - Épinal -  CCV  Épinal
Atlante France,Atlante - Étrelles - Brit Hotel Pays de Vitré
Atlante | FR*ATL,Atlante
Avia Picoty | FR*PY2,Avia Picoty
Aéroports de la Côte d'Azur | FR*ACA,Aéroports de la Côte d'Azur
BIARS DISTRIBUTION,E. Leclerc
Borneco | FR*BHM,BornEco
Botanic,Botanic
Bouygues Energies et Services,Ecocharge77
Bouygues Energies et Services,OUEST CHARGE
Bouygues Énergies et Services,Ecocharge77
Bump,Bump
CHARGEPOLY,CHARGEPOLY
Charge Unix | FR*0CU,Charge Unix
ChargePoint Austria GmbH | FR*CG0,ChargeGuru
ChargePoint Austria GmbH | FR*CG0,Siemens Sicharge D 240 kW MAX
DEJA BLUE FRANCE,DejaBlue
DREAM ENERGY ,ARTEPARC BIOT
DREAM ENERGY ,ARTEPARC FUVEAU
DREAM ENERGY ,ARTEPARC LESQUIN
DREAM ENERGY ,ARTEPARC MEYLAN
DREAM ENERGY ,ARTEPARC MEYREUIL
DREAM ENERGY ,ARTEPARC de Bachasson
DREAM ENERGY ,Brit Hôtel
DREAM ENERGY ,ENZO HOTEL FROUARD
DREAM ENERGY ,ENZO HOTEL MULHOUSE MORSCHWILLER
DREAM ENERGY ,Enzo Hotels Reims Tinqueux
DREAM ENERGY ,F1 EPINAL CHAVELOT
DREAM ENERGY ,Greet Hotel Nancy Sud
DREAM ENERGY ,HOTEL B&B MONTPELLIER SAINT AUNES
DREAM ENERGY ,HOTEL F1 SAINT DIE DES VOSGES
DREAM ENERGY ,Hotêl Escalet Storia
DREAM ENERGY ,Hôtel Kyriad Enzo Hôtel Pont A Mousson
DREAM ENERGY ,IBIS SAINT-DIZIER
DREAM ENERGY ,Ibis Budget Bar-Le-Duc
DREAM ENERGY ,Ibis Styles Nancy Ouest Laxou
DREAM ENERGY ,JUNGHEINRICH IFS
DREAM ENERGY ,LE PALATIN
DREAM ENERGY ,ZAC TECHNOLOGIA
DRIVECO,DRIVECO
DRIVECO,DRIVECO - Carrefour Market - Amberieu en Bugey
DRIVECO,DRIVECO - Carrefour Market - Aubigny sur Nere
DRIVECO,DRIVECO - Carrefour Market - Auray Pluneret
DRIVECO,DRIVECO - Carrefour Market - Auterive Midi
DRIVECO,DRIVECO - Carrefour Market - Bagnols sur Ceze
DRIVECO,DRIVECO - Carrefour Market - Brioude
DRIVECO,DRIVECO - Carrefour Market - Charleval
DRIVECO,DRIVECO - Carrefour Market - Chartres-De-Bretagne
DRIVECO,DRIVECO - Carrefour Market - Connerre
DRIVECO,DRIVECO - Carrefour Market - Deols
DRIVECO,DRIVECO - Carrefour Market - Ergue Gaberic
DRIVECO,DRIVECO - Carrefour Market - Guerande
DRIVECO,DRIVECO - Carrefour Market - Jouy-Le-Moutier
DRIVECO,DRIVECO - Carrefour Market - Lagnieu
DRIVECO,DRIVECO - Carrefour Market - Les Abrets
DRIVECO,DRIVECO - Carrefour Market - Lesigny
DRIVECO,DRIVECO - Carrefour Market - Lons Le Saunier
DRIVECO,DRIVECO - Carrefour Market - Montpellier Justice
DRIVECO,DRIVECO - Carrefour Market - Nanteuil Meaux
DRIVECO,DRIVECO - Carrefour Market - Nevers (Supeco St Exupery)
DRIVECO,DRIVECO - Carrefour Market - Pessac
DRIVECO,DRIVECO - Carrefour Market - Pont-eveque
DRIVECO,DRIVECO - Carrefour Market - Puget-Theniers
DRIVECO,DRIVECO - Carrefour Market - Rive De Gier
DRIVECO,DRIVECO - Carrefour Market - Saint Pierre d'Irube
DRIVECO,DRIVECO - Carrefour Market - Saint-Aubin-Du-Cormier
DRIVECO,DRIVECO - Carrefour Market - Saint-Eloy-les-Mines
DRIVECO,DRIVECO - Carrefour Market - Saint-Lo
DRIVECO,DRIVECO - Carrefour Market - Theix
DRIVECO,DRIVECO - Carrefour Market - Thimert-Gatelles
DRIVECO,DRIVECO - Carrefour Market - Tournefeuille
DRIVECO,DRIVECO - Carrefour Market - Trevoux
DRIVECO,DRIVECO - Carrefour Market - Villeneuve les Avignon
E-Motum | FR*EMO,e-Motum
E-TOTEM,HYPER U AIZENAY
E-TOTEM,HYPER U BLAIN
E-TOTEM,HYPER U PONT DE BEAUVOISIN
E-TOTEM,MJS DISTRIBUTION
E-TOTEM,Réseau Saint Étienne Métropole
E-TOTEM,Réseau e-Totem Infrastructures
E-TOTEM,SAS ANGELINA
E-TOTEM,SAS CHAUBODIS
E-TOTEM,SAS COPADIS
E-TOTEM,SAS GCP
E-TOTEM,SAS GUYDIS
E-TOTEM,SAS HADERMA
E-TOTEM,SAS ISADIS
E-TOTEM,SAS VERNAIDIS
E-TOTEM,SASU CHAPUS
E-TOTEM,SUPER U CAEN
E-TOTEM,SUPER U FARGUES ST HILAIRE
E-TOTEM,SUPER U GANGES
E-TOTEM,SUPER U LA TOURETTE
E-TOTEM,SUPER U LAMASTRE
E-TOTEM,SUPER U LE CHEYLARD
E-TOTEM,SUPER U MONTMEDY
E-TOTEM,SUPER U SAVIGNEUX
E-TOTEM,SUPER U ST BONNET DE JOUX
E-TOTEM,SUPER U ST LEGER DE LA MARTINIERE
E-TOTEM,SUPER U TARASCON SUR ARIEGE
E-TOTEM,SUPER U VIVONNE
E-TOTEM,U EXPRESS MONTREDON
E-TOTEM,U Express Saint Jean Du Gard
E-Totem,E-Totem tiers investissement FR*ETI
E-Totem,Réseau de charge Saint-Etienne Métropole
E.Leclerc | FR*LE2,Leclerc
EKLEO,Réseau EKLEO Montlouis sur Loire
ELECTRIC 55 CHARGING,ELECTRIC 55 CHARGING
ENERJUMP,Watt'up
ENGIE Vianeo,ENGIE Vianeo
ENRGETICA,ENRGETICA
EV MAP,CAMPING LE PALACE
EV MAP,Camping la Boutinardière
EV MAP,Ford
EV MAP SAS,AUTO EMERAUD 35
EV MAP SAS,BOREAL LABEGE
EV MAP SAS,CAP NORD LORMONT
EV MAP SAS,CAP NORD MERIGNAC
EV MAP SAS,CENTRAL MOTOR FRANCHEVILLE
EV MAP SAS,CENTRAL MOTOR LYON NORD
EV MAP SAS,CENTRAL MOTOR ST FONS
EV MAP SAS,CENTRAL MOTOR VIENNE
EV MAP SAS,Chopard Peugeot Carpentras
EV MAP SAS,Chopard Peugeot Orange
EV MAP SAS,Espace Carrosserie Dijon
EV MAP SAS,GATICAR BOURGES
EV MAP SAS,GATICAR CHATEAUROUX
EV MAP SAS,GROUPE JB
EV MAP SAS,MG MOTORS MEAUX
EV MAP SAS,MONTCHAPET AUTOMOBILES BEAUNE
EV MAP SAS,PEUGEOT BESANCON GROUPE CHOPARD
EV MAP SAS,RENAULT FAURIE LIMOGES
EV MAP SAS,Renault Faurie Bergerac
EV MAP SAS,SBA SOCIETE BARSEQUANAISE D'AUTOMOBILES
EVBOX,EVBOX
EVzen,EVzen
EVzen (SMEG Développement),Simone
EVzen (SMEG Développement),larecharge
Easy Charge Services,Easy Charge Services
Easy Charge | FR*ECH,Easy Charge
Eiffage Energie Systèmes | FR*WGO,We-Go
Electra,A10 - Aire de Boisredon (direction Saintes)
Electra,A10 - Aire de Cézac (direction Paris)
Electra,A10 - Aire de Saint Caprais (direction Bordeaux)
Electra,A10 - Aire de Saint Palais Est (direction Paris)
Electra,A10 - Aire de Saint Palais Ouest (direction Bordeaux)
Electra,A10 - Aire de la Benâte (direction Paris)
Electra,A55 - Aire de Gignac Rebuty (direction Martigues)
Electra,A61 - Aire d'Arzens Nord (direction Toulouse)
Electra,A61 - Aire d'Arzens Sud (direction Narbonne)
Electra,A62 - Aire de Garonne (direction Bordeaux)
Electra,A62 - Aire de Garonne (direction Toulouse)
Electra,A7 - Aire Latitude 45 (direction Lyon)
Electra,A7 - Aire de Orange Le Grès (direction Marseille)
Electra,A7 - Aire de Tricastin (direction Montélimar)
Electra,A7 - Aire de Vitrolles Est (direction Orange)
Electra,A7 - Aire de la Bouterne (direction Lyon)
Electra,A7 - Aire du Bornaron (direction Marseille)
Electra,A89 - Aire de Manzat (double sens)
Electra,A9 - Aire d'Estézargues Nord (direction Montpellier)
Electra,A9 - Aire d'Estézargues Sud (direction Orange)
Electra,A9 - Aire de Bages (direction Narbonne)
Electra,A9 - Aire de Gasparets (direction Perpignan)
Electra,A9 - Aire de Gigean Nord (direction Béziers)
Electra,A9 - Aire de Loupian (direction Montpellier)
Electra,A9 - Aire de Pia (direction Montpellier)
Electra,A9 - Aire de Rivesaltes (direction Perpignan)
Electra,Aix-en-Provence - Hôtel Campanile Pont de l'Arc
Electra,Aix-en-Provence - Intermarché Est
Electra,Albertville - Intermarché
Electra,Angers - Del Arte
Electra,Angers - Hôtel Novotel Lac de Maine
Electra,Annecy - Greet Annecy Sud Cran
Electra,Annemasse - B&B HOTEL Annemasse Est
Electra,Argenteuil - Hôtel Campanile
Electra,Arles - CC Shopping Promenade
Electra,Arras - E.Leclerc
Electra,Artigues-près-Bordeaux - Hôtel Campanile
Electra,Artigues-près-Bordeaux - Jardiland
Electra,Aubagne - Auchan Supermarché Pin Vert
Electra,Aubergenville - CC Family Village
Electra,Aubervilliers - Ibis Budget Paris Aubervilliers
Electra,Aubière - Ibis Budget
Electra,Aulnay-sous-Bois - Carrefour de l'Europe
Electra,Avignon - Centre Commercial Mistral 7
Electra,Avranches - Burger King
Electra,Basse-Goulaine - E.Leclerc
Electra,Beaune - Greet Hotel
Electra,Beauvais - Del Arte
Electra,Beauvais - Hôtel Campanile
Electra,Besançon - Chateaufarine
Electra,Besançon - Peugeot
Electra,Beynost - Grand Frais
Electra,Blagnac - Aéroport de Toulouse
Electra,Blagnac - Hôtel Première Classe Toulouse Aéroport
Electra,Blois - B&B Hôtel Blois Nord Vallée Maillard
Electra,Blotzheim - Hôtel Mercure Bâle Mulhouse Aéroport
Electra,Bobigny - Hôtel Campanile
Electra,Bois-d'Arcy - E.Leclerc
Electra,Bondues - Sure Hotel by Best Western Lille Tourcoing
Electra,Bonneuil-sur-Marne - Electra
Electra,Bordeaux - Intermarché Cauderan
Electra,Bordeaux - Novotel Bordeaux Lac
Electra,Bouguenais - KFC
Electra,Boulazac-Isle-Manoire - Hyper U
Electra,Bourg-lès-Valence - Sure Hotel by Best Western
Electra,Bousbecque - Intermarché
Electra,Brens - E.Leclerc Drive Gaillac
Electra,Brignoles - Buffalo Grill
Electra,Brive-la-Gaillarde - Hôtel Campanile
Electra,Bron - Hôtel Ibis Lyon Est
Electra,Bron - Novotel
Electra,Brétigny-sur-Orge - Del Arte
Electra,Buchelay - Del Arte
Electra,Bussy Saint Georges - Hôtel Première Classe
Electra,Béziers - Intermarché
Electra,Béziers - ZAC de la Domitienne
Electra,Calais - Burger King
Electra,Canet-en-Roussillon - Intermarché
Electra,Cannes - Auchan La Bocca
Electra,Cauneille - Intermarché
Electra,Chanas - Intermarché
Electra,Chasse-sur-Rhône - Kyriad Direct
Electra,Chelles - Hôtel Campanile
Electra,Chevilly-Larue - Hôtel Ibis Orly Chevilly Tram 7
Electra,Clermont-Ferrand - CC Village des Commerçants
Electra,Clermont-Ferrand - Electra - Ibis
Electra,Cognac - CC Village des Commerçants
Electra,Compiègne - Intermarché
Electra,Coquelles - Channel Outlet
Electra,Cormeilles-en-Parisis - ZAC des Bois Rochefort
Electra,Courbevoie - Hôtel Ibis Budget
Electra,Cran-Gevrier - Campanile Annecy Sud
Electra,Croix - CC Gare de Croix - Wasquehal
Electra,Créteil - Novotel Créteil le Lac
Electra,Dainville - E.Leclerc
Electra,Dechy - CC Le Parc du Luc
Electra,Dieppe - Auchan
Electra,Dreux - Del Arte
Electra,Drumettaz-Clarafond - E.Leclerc
Electra,Englos - Crocodile
Electra,Evry-Courcouronnes - Novotel
Electra,Eysines - Hôtel Première Classe
Electra,Firminy - Intermarché
Electra,Fitz-James - Intermarché
Electra,Fleury-Sur-Orne - Grand Frais
Electra,Forbach - KFC
Electra,Fouquières-les-Bethune - Boulangerie
Electra,Fresnes - Euro Hôtel Orly Rungis
Electra,Freyming-Merlebach - E.Leclerc
Electra,Frouard - KFC
Electra,Gaillard - Kyriad Direct Annemasse
Electra,Garges-lès-Gonesse - KFC
Electra,Garidech - Intermarché
Electra,Geispolsheim - CC La Vigie
Electra,Gennevilliers - CC Espace Chanteraines
Electra,Gennevilliers - E.Leclerc
Electra,Gennevilliers - Ibis Paris Gennevilliers
Electra,Glisy - CC Grand A
Electra,Gonesse - Hôtel Ibis
Electra,Gonfreville-l'Orcher - Centre commercial Océane
Electra,Gouesnou - Hôtel Première Classe
Electra,Gradignan - Hôtel Campanile
Electra,Grande-Synthe - Crocodile
Electra,Grans - Jardipassion
Electra,Grosseto-Prugna - Sofitel
Electra,Guipavas - CC Les Portes de Brest-Guipavas
Electra,Halluin - Intermarché
Electra,Harfleur - Boulangerie Feuillette
Electra,Hauconcourt - Novotel
Electra,Houdemont - KFC
Electra,Houssen - KFC
Electra,Hyères - Hôtel Ibis Plage
Electra,Issy-les-Moulineaux - Hôtel Ibis Val de Seine
Electra,Istres - Jardipassion
Electra,Jeuxey - KFC
Electra,Joué-lès-Tours - Supermarché - Restaurant
Electra,Juvignac - Intermarché Super
Electra,L'Isle-Adam - CC Grand Val
Electra,La Chapelle-Saint-Mesmin - Hôtel Campanile Orléans Ouest
Electra,La Farlède - Intermarché
Electra,La Ricamarie - Carrefour
Electra,La Roche-sur-Yon - CC Les Flâneries
Electra,La Teste-de-Buch - McDonald's
Electra,La Valette-du-Var - Auchan
Electra,La Valette-du-Var - CC L'Avenue 83
Electra,La Valette-du-Var - Eole Park
Electra,La Verrière - Hôtel The Originals City
Electra,Lagny-sur-Marne - Retail Park
Electra,Lagord - KFC
Electra,Lattes - Hôtel F1
Electra,Lavau - KFC
Electra,Le Boulou - Hôtel Le Neoulous
Electra,Le Bourget - Hôtel Kyriad
Electra,Le Coudray-Montceaux - Hôtel Mercure
Electra,Le Grand-Quevilly - CC Hyper U
Electra,Le Havre - Hôtel Première Classe
Electra,Le Mans - Parc Manceau
Electra,Le Plessis-Robinson - La Boursidière
Electra,Le Touquet-Paris-Plage - Hôtel Ibis
Electra,Les Ponts-de-Cé - Hôtel Kyriad
Electra,Les Tourrettes - Première Classe Montélimar
Electra,Les Ulis - Hôtel Mercure
Electra,Les-Essarts-le-Roi - CC Maison Neuve
Electra,Lesquin - Hôtel Mercure Lille Aéroport
Electra,Lieusaint - Carré Sénart
Electra,Lille - Intermarché
Electra,Limoges - CC Family Village
Electra,Limoges - Retail Park
Electra,Lognes - Hôtel Europarc
Electra,Lorient - Intermarché
Electra,Lutterbach - Hôtel Kyriad
Electra,Magny-les-Hameaux - Novotel
Electra,Marsannay-la-Côte - E.Leclerc
Electra,Marseille - Boulangerie Ange Marseille (La Valentine)
Electra,Marseille - Hôtel Campanile Saint-Antoine
Electra,Marseille - Hôtel Ibis Gare Saint Charles
Electra,Marseille - Sofitel Vieux Port
Electra,Martigues - Boulangerie Ange
Electra,Massieux - Greet Hotel
Electra,Massy - Crocodile
Electra,Maurepas - CC Village des Loisirs
Electra,Mondeville - CC Mondevillage
Electra,Mons-en-Baroeul - Hôtel F1
Electra,Mons-en-Baroeul - Hôtel Kyriad
Electra,Montauban - KFC
Electra,Montevrain - CC Clos du Chêne
Electra,Montlhéry - Restaurant Pizza del Arte
Electra,Montpellier - Auchan Celleneuve
Electra,Montpellier - Centre commercial Odysseum
Electra,Montpellier - Hôtel Campanile
Electra,Montpellier - Hôtel Ibis Budget Millénaire
Electra,Morangis - Action
Electra,Morschwiller-le-Bas - KFC
Electra,Moulins - KFC
Electra,Mulhouse - Indigo Mulhouse Gare Bâle
Electra,Mundolsheim - CC Shopping Promenade
Electra,Nanterre - Hôtel Campanile
Electra,Nantes - Intermarché Eraudière
Electra,Narbonne - Hôtel Campanile
Electra,Narbonne - Hôtel Ibis
Electra,Neuilly-sur-Seine - Indigo Madrid
Electra,Nice - Indigo Parking Massena
Electra,Nice - Stade Allianz Riviera (Parking P2)
Electra,Niort - E.Leclerc Centre
Electra,Niort - Ibis Est Mendes France
Electra,Noisy-le-Grand - Rue du Centre
Electra,Noyelles-Godault - Hôtel Première Classe
Electra,Nîmes - Burger
Electra,Nîmes - CC Family Village
Electra,Nîmes - Hôtel F1 Ouest
Electra,Orange - Peugeot
Electra,Ornex - Fast food
Electra,Osny - CC Osny 2
Electra,Osny - Marie Blachère Osny
Electra,Pacé - Burger King
Electra,Paris 10 - Indigo Parking Magenta Gare de l'Est
Electra,Paris 12 - Parking Méditerranée - Gare de Lyon - Saemes
Electra,Paris 13 - Indigo Parking Porte d'Italie
Electra,Paris 15 - Gare Montparnasse - Vaugirard
Electra,Paris 15 - Hôtel Mercure Centre Tour Eiffel
Electra,Paris 18 - Porte des Poissonniers
Electra,Paris 7 - Indigo Parking Joffre Ecole Militaire
Electra,Passy - Decathlon Mountain Store
Electra,Pessac - Hôtel Ibis
Electra,Pessac - Hôtel Première Classe
Electra,Pierrelaye - B&B HOTEL Cergy
Electra,Plaisir - Grand Marché Marnière
Electra,Ploermel - Del Arte
Electra,Plérin - Ibis Styles
Electra,Pontault-Combault - KFC
Electra,Pontoise - Campanile
Electra,Pornic - E.Leclerc
Electra,Puteaux - Q-Park La Défense - Westfield Les 4 Temps P1/P2
Electra,Ramonville-Saint-Agne - Action
Electra,Reims - Boulangerie Feuillette
Electra,Reims - Hôtel Mercure Parc des Expos
Electra,Reims - KFC La Neuvillette
Electra,Reims Village - KFC
Electra,Rennes - Aéroport de Rennes
Electra,Rennes - KFC Rennes Route de Lorient
Electra,Rennes - Novotel Rennes Alma
Electra,Rezé - Hôtel Akena Nantes Rezé Aéroport
Electra,Roissy-en-France - Hôtel Mercure
Electra,Roissy-en-France - Novotel CDG Convention
Electra,Roissy-en-France - Van der Valk Hotel Paris CDG Airport
Electra,Rosny-sous-Bois - B&B Hotels
Electra,Roye - Intermarché
Electra,Ruaudin - CC Family Village les Hunaudières
Electra,Rubelles - Ibis Styles Melun
Electra,Rungis - Best Western Paris Orly Airport
Electra,Saclay - Novotel
Electra,Saint-Alban-Leysse - Sport 2000
Electra,Saint-André-les-Vergers - Boulangerie Feuillette
Electra,Saint-Apollinaire - Peugeot Dijon
Electra,Saint-Avold - Novotel
Electra,Saint-Barthélemy-d'Anjou - RS Parc
Electra,Saint-Brevin-les-Pins - E.Leclerc
Electra,Saint-Denis - Hôtel F1 Centre Basilique
Electra,Saint-Denis - Hôtel Ibis Stade Sud
Electra,Saint-Dizier - Del Arte
Electra,Saint-Etienne-Du-Rouvray - Kyriad
Electra,Saint-Fons - Mercedes-Benz Lyon
Electra,Saint-Genis-Laval - CC Saint Genis 2
Electra,Saint-Georges - Hôtel Cantal Cottages
Electra,Saint-Germain-en-Laye - Hôtel Campanile
Electra,Saint-Herblain - KFC
Electra,Saint-Jean-de-Védas - Kyriad Direct
Electra,Saint-Laurent-de-Mure - Hôtel Première Classe
Electra,Saint-Laurent-du-Var - CC Cap 3000
Electra,Saint-Laurent-du-Var - Intermarché
Electra,Saint-Louis - Hôtel F1 Aéroport Bâle
Electra,Saint-Magne-de-Castillon - E.Leclerc
Electra,Saint-Martin-d'Hères - Colisée
Electra,Saint-Martin-d'Hères - KFC
Electra,Saint-Martin-sur-le-Pré - Hôtel Kyriad
Electra,Saint-Nazaire - Auchan Oceanis I
Electra,Saint-Nazaire - E.Leclerc
Electra,Saint-Nicolas - Hôtel Campanile
Electra,Saint-Ouen-l'Aumône - Première Classe
Electra,Saint-Ouen-sur-Seine - Kyriad Paris Nord Porte de St Ouen
Electra,Saint-Pierre-d'Irube - CC Ametzondo Shopping
Electra,Saint-Priest - BUT
Electra,Saint-Priest - KFC
Electra,Saint-Saturnin - Electra
Electra,Saint-Sébastien-sur-Loire - Hôtel Campanile
Electra,Saint-Thibault-des-Vignes - Ibis Budget
Electra,Saint-Égrève - BUT
Electra,Sainte-Luce-sur-Loire - PIAPIA Boulangerie
Electra,Saintes - E.Leclerc
Electra,Salon-de-Provence - Intermarché
Electra,Salon-de-Provence - King Jouet
Electra,Salon-de-Provence - Marie Blachère - Retail Park
Electra,Sancé - Mercedes-Benz Mâcon
Electra,Sannois - Hôtel Campanile
Electra,Sausheim - Novotel
Electra,Serris - Ki Space Hotel & Spa
Electra,Servon - Centre commercial Eden
Electra,Seyssins - Campanile Grenoble Sud
Electra,Soisy-sous-Montmorency - Auchan Soisy-sous-Montmorency
Electra,Sorgues - Décor Discount
Electra,Suresnes - Hôtel Campanile
Electra,Sérézin-du-Rhône - BYD
Electra,Tain-l'Hermitage - Intermarché
Electra,Talence - Intermarché
Electra,Taverny - CC Les Portes de Taverny
Electra,Taverny - Hôtel Campanile
Electra,Theix-Noyalo - Hôtel Inn Design Resto Novo
Electra,Thionville - KFC
Electra,Thoiry - CC Val Thoiry
Electra,Torcy - CC Bay 3
Electra,Toulon - CC Grand Var
Electra,Toulon - Intermarché Super Toulon
Electra,Toulouse - B&B Hotel Toulouse Université
Electra,Toulouse - Carrefour Market Minimes
Electra,Toulouse - Intermarché La Cepière
Electra,Toulouse - Novotel Purpan Aéroport
Electra,Tourcoing - Action
Electra,Tourlaville - E.Leclerc
Electra,Tours - Boulangerie Ange
Electra,Trappes - Ibis Budget
Electra,Troyes - Intermarché
Electra,Troyes Bouranton - BeGreen
Electra,Valence - Hôtel Campanile Sud
Electra,Valence - Intermarché
Electra,Vaucresson - Golf du Stade Français Haras Lupin
Electra,Vernouillet - Centre Commercial
Electra,Vert-Saint-Denis - Hôtel Campanile
Electra,Villebarou - Centre Commercial Blois 2
Electra,Villebon-sur-Yvette - CC Auchan
Electra,Villefranche-sur-Saône - Carrefour
Electra,Villejuif - Hôtel Campanile
Electra,Villenave-d'Ornon - Best Hotel
Electra,Villeneuve-La-Garenne - CC Qwartz
Electra,Villeneuve-Saint-Georges - Kyriad
Electra,Villeneuve-d'Ascq - Crocodile
Electra,Villeparisis - CC Les portes de l'Ambrésis
Electra,Villepinte - Hôtel Campanile
Electra,Villepinte - Hôtel Ibis
Electra,Villetaneuse - CC Bienvenu
Electra,Viriat - Hôtel Campanile Bourg-en-Bresse
Electra,Viry-Châtillon - E.Leclerc
Electra,Vitrolles - Hôtel Kyriad Aéroport
Electra,Vitrolles - The Originals City Hôtel Marseille Aéroport
Electra,Vélizy - Carré Vélizy
Electra,Wambrechies - Volfoni
Electra,Woippy - Hôtel Ibis
Electra,Échirolles - KFC
Electra,Écully - BYD & Quick
Electra,Évry-Courcouronnes - CC Le Spot Évry
Electromaps,Ameublement Rognon
Electromaps,Aubade - Comptoir des Fers
Electromaps,Carrefour Contact 
Electromaps,ECOPARK 5
Electromaps,Electromaps
Electromaps,I-Bornes
Electromaps,Le COTONNIER NIEPPE
Enerstock | FR*ENT,Enerstock
Eoliberty,BP Bagneux Charles De Gaulle-C1
Eoliberty,BP Bagneux Charles De Gaulle-C2
Eoliberty,CRF Badonviller C1
Eoliberty,CRF Badonviller C2
Eoliberty,CRF Domblans - CCS
Eoliberty,CRF Domblans - T2
Eoliberty,CRF Fleurbaix C1-CCS
Eoliberty,CRF Fleurbaix C2-T2
Eoliberty,CRF Fortschwihr C1-CCS
Eoliberty,CRF Fortschwihr C2-T2
Eoliberty,CRF Gondreville - CCS
Eoliberty,CRF Gondreville - T2
Eoliberty,CRF Lamarche C1-CCS
Eoliberty,CRF Lamarche C2-T2
Eoliberty,CRF Rinxent - CCS
Eoliberty,CRF Rinxent - T2
Eoliberty,Cogep St Doulchard-C1
Eoliberty,Cogep St Doulchard-C2
Eoliberty,Cogep St Doulchard-C3
Eoliberty,Cogep St Doulchard-C4
Eoliberty,Crèche Sancerre
Eoliberty,DietSmann-Borne-1-C1
Eoliberty,DietSmann-Borne-1-C2
Eoliberty,DietSmann-Borne-2-C1
Eoliberty,DietSmann-Borne-2-C2
Eoliberty,DietSmann-Borne-3-C1
Eoliberty,DietSmann-Borne-3-C2
Eoliberty,DietSmann-Borne-4-C1
Eoliberty,DietSmann-Borne-4-C2
Eoliberty,Foyer de la Sagesse 1
Eoliberty,Foyer de la Sagesse 2
Eoliberty,Foyer de la Sagesse 3
Eoliberty,Foyer de la Sagesse 4
Eoliberty,Foyer de la Sagesse 5
Eoliberty,Foyer de la Sagesse 6
Eoliberty,Foyer de la Sagesse 7
Eoliberty,Foyer de la Sagesse 8
Eoliberty,Fusion FS3MW-S2S2-DD-1-C1
Eoliberty,Fusion FS3MW-S2S2-DD-1-C2
Eoliberty,Fusion FS3MW-S2S2-DD-2-C1
Eoliberty,Fusion FS3MW-S2S2-DD-2-C2
Eoliberty,Fusion FS3MW-S2S2-DD-3-C1
Eoliberty,Fusion FS3MW-S2S2-DD-3-C2
Eoliberty,Fusion FS3MW-S2S2-DD-4-C1
Eoliberty,Fusion FS3MW-S2S2-DD-4-C2
Eoliberty,Fusion FS3MW-S2S2-DD-5-C1
Eoliberty,Fusion FS3MW-S2S2-DD-5-C2
Eoliberty,HOTEL LE PETIT NANCAY
Eoliberty,Hotel Brit Florimont B-1
Eoliberty,Hotel Brit Florimont B-2
Eoliberty,Hotel Brit Munster B-1
Eoliberty,Hotel Brit Munster B-2
Eoliberty,Hotel Cerizay B-1
Eoliberty,Hotel Cerizay B-2
Eoliberty,Hotel Le Translon B-1
Eoliberty,Hotel Le Translon B-2
Eoliberty,Hotel Maison Blanche B-1
Eoliberty,Hotel Maison Blanche B-2
Eoliberty,Hotel St Quentin B-1
Eoliberty,Hotel St Quentin B-2
Eoliberty,Hyundai IES B1-CCS HMF 50kw
Eoliberty,Hyundai IES B1-T2 HMF 22kwh
Eoliberty,Hyundai IES B2-CCS
Eoliberty,Hyundai IES B2-T2
Eoliberty,Hyundai Keba-B1-C1 fond gauche
Eoliberty,Hyundai Keba-B1-C2
Eoliberty,Hyundai Keba-B2-C2
Eoliberty,Hyundai Keba-B3-C1
Eoliberty,Hyundai Keba-B3-C2
Eoliberty,Hyundai Schneider B1-C1 CFO/DG
Eoliberty,Hyundai Schneider B1-C2 LFK
Eoliberty,Hyundai Schneider B2-C1
Eoliberty,Hyundai Schneider B3-C1
Eoliberty,ITM Aubigny sur Nère - T2
Eoliberty,ITM Aubigny sur Nère - CCS
Eoliberty,ITM Aubigny sur Nère - T2
Eoliberty,ITM Auzances - CCS
Eoliberty,ITM Auzances - T2
Eoliberty,ITM Belleu - CCS
Eoliberty,ITM Belleu - T2
Eoliberty,ITM Brassac Les Mines - CCS
Eoliberty,ITM Brassac Les Mines - T2
Eoliberty,ITM Brienne le château - CCS
Eoliberty,ITM Brienne le château - T2
Eoliberty,ITM Chatillon Sur Marne - CCS
Eoliberty,ITM Chatillon Sur Marne - T2
Eoliberty,ITM Clermont De L Oise-2 C1-T2
Eoliberty,ITM Clermont De L Oise-2 C2-T2
Eoliberty,ITM Clermont De L'Oise-1 - CCS
Eoliberty,ITM Clermont De L'Oise-1 - T2
Eoliberty,ITM Combronde - CCS
Eoliberty,ITM Combronde - T2
Eoliberty,ITM Crepy En Valois-1 - CCS
Eoliberty,ITM Crepy En Valois-1 - T2
Eoliberty,ITM Crepy En Valois-2 C1-T2
Eoliberty,ITM Crepy En Valois-2 C2-T2
Eoliberty,ITM Crepy En Valois-3 C1-T2
Eoliberty,ITM Crepy En Valois-3 C2-T2
Eoliberty,ITM Crouy - CCS
Eoliberty,ITM Crouy - T2
Eoliberty,ITM Ennezat - CCS
Eoliberty,ITM Ennezat - T2
Eoliberty,ITM Gamaches - CCS
Eoliberty,ITM Gamaches - T2
Eoliberty,ITM Gauville B-1
Eoliberty,ITM Gauville B-2
Eoliberty,ITM Guerigny - CCS
Eoliberty,ITM Guerigny - T2
Eoliberty,ITM LE MAYET DE MONTAGNE
Eoliberty,ITM La Côte St Andre -C1
Eoliberty,ITM La Côte St Andre -C2
Eoliberty,ITM Lamorlaye-1 - CCS
Eoliberty,ITM Lamorlaye-1 - T2
Eoliberty,ITM Lamorlaye-2 - CCS
Eoliberty,ITM Lamorlaye-2 - T2
Eoliberty,ITM Lamorlaye-Circontrol -C1
Eoliberty,ITM Lamorlaye-Circontrol -C2
Eoliberty,ITM Montluçon - T2
Eoliberty,ITM Montluçon - CCS
Eoliberty,ITM Montluçon - T2
Eoliberty,ITM Nanteuil le Haudoin -1- CCS
Eoliberty,ITM Nanteuil le Haudoin -1- T2
Eoliberty,ITM Nanteuil le Haudoin -2- CCS
Eoliberty,ITM Nanteuil le Haudoin -2- T2
Eoliberty,ITM Nanteuil le Haudoin-Circontrol -C1
Eoliberty,ITM Nanteuil le Haudoin-Circontrol -C2
Eoliberty,ITM Nanteuil le Haudoin-Circontrol -C3
Eoliberty,ITM Nanteuil le Haudoin-Circontrol -C4
Eoliberty,ITM Nevers -1- CCS
Eoliberty,ITM Nevers -1- T2
Eoliberty,ITM Nevers -2- CCS
Eoliberty,ITM Nevers -2- T2
Eoliberty,ITM Pierre De Bresse - CCS
Eoliberty,ITM Pierre De Bresse - T2
Eoliberty,ITM Randan - CCS
Eoliberty,ITM Randan - T2
Eoliberty,ITM Saint Dizier - CCS
Eoliberty,ITM Saint Dizier - T2
Eoliberty,ITM St Georges De Mons - CCS
Eoliberty,ITM St Georges De Mons - T2
Eoliberty,ITM Yzeure Sur Creuse - CCS
Eoliberty,ITM Yzeure Sur Creuse - T2
Eoliberty,La Ritournelle Coueron - CCS
Eoliberty,La Ritournelle Coueron - T2
Eoliberty,LaFoirFouille-B1
Eoliberty,LaFoirFouille-B2
Eoliberty,LaFoirFouille-B3
Eoliberty,LaFoirFouille-B4
Eoliberty,LaFoirFouille-B5
Eoliberty,LaFoirFouille-B6
Eoliberty,Lamorlaye borne S
Eoliberty,Mairie Ormoy Villers C1-T2
Eoliberty,Mairie Ormoy Villers C2-T2
Eoliberty,Mairie Peroy Les Gombries C1-T2
Eoliberty,Mairie Peroy Les Gombries C2-T2
Eoliberty,Netto Crepy en Valois -C1
Eoliberty,Netto Crepy en Valois -C2
Eoliberty,Netto Crepy en Valois -C3
Eoliberty,Netto Crepy en Valois -C4
Eoliberty,Rapid-1-180-Trio-C1-T2
Eoliberty,Rapid-1-180-Trio-C2-CCS
Eoliberty,Rapid-1-180-Trio-C3-CCS
Eoliberty,Rapid-2-180-Trio-C1-T2
Eoliberty,Rapid-2-180-Trio-C2-Chademo
Eoliberty,Rapid-2-180-Trio-C3-CCS
Eoliberty,Rapid-3-180-Duo-C1-CCS
Eoliberty,Rapid-3-180-Duo-C2-CCS
Eoliberty,Residence Carouge
Eoliberty,Rioland_Vierzon_B1-C1
Eoliberty,Rioland_Vierzon_B1-C2
Eoliberty,Rioland_Vierzon_B1-C3
Eoliberty,Rioland_Vierzon_B1-C4
Eoliberty,Rioland_Vierzon_B2-C1
Eoliberty,Rioland_Vierzon_B2-C2
Eoliberty,SERP-ALP 350-C1
Eoliberty,SERP-ALP 350-C2
Eoliberty,SERP-ALP 350-C3
Eoliberty,Sixense Lyon-C1
Eoliberty,Sixense Lyon-C2
Eoliberty,Sixense Lyon-C3
Eoliberty,Sixense Lyon-C4
Eoliberty,Sixense Lyon-C5
Eoliberty,Sixense Lyon-C6
Eoliberty,Sixense wallbox borne 1
Eoliberty,Sixense wallbox borne 2
Eoliberty,Sixense wallbox borne 3
Eoliberty,Sixense wallbox borne 4
Eoliberty,Sixense wallbox borne 5
Eoliberty,Sixense wallbox borne 6
Eoliberty,Sixense wallbox borne 7
Eoliberty,Sixense wallbox borne 8
Eoliberty,Super U Bruay Sur L Escaut - CCS
Eoliberty,Super U Bruay Sur L Escaut - T2
Eoliberty,Super U Express Mesanger-1 - CCS
Eoliberty,Super U Express Mesanger-1 - T2
Eoliberty,Super U Express Mesanger-2 C1-T2
Eoliberty,Super U Express Mesanger-2 C2-T2
Eoliberty,The-place-borne-1
Eoliberty,The-place-borne-10
Eoliberty,The-place-borne-11
Eoliberty,The-place-borne-12
Eoliberty,The-place-borne-13
Eoliberty,The-place-borne-14
Eoliberty,The-place-borne-15
Eoliberty,The-place-borne-16
Eoliberty,The-place-borne-17
Eoliberty,The-place-borne-18
Eoliberty,The-place-borne-19
Eoliberty,The-place-borne-2
Eoliberty,The-place-borne-20
Eoliberty,The-place-borne-3
Eoliberty,The-place-borne-4
Eoliberty,The-place-borne-5
Eoliberty,The-place-borne-6
Eoliberty,The-place-borne-7
Eoliberty,The-place-borne-8
Eoliberty,The-place-borne-9
Eoliberty,WGarage-Renault-Omnium-C1
Eoliberty,hyundai Keba-B2-C1
Eoliberty,ineris- B1-Droite-C3
Eoliberty,ineris- B1-Gauche-C1
Eoliberty,ineris- B2-Droite-C3
Eoliberty,ineris- B2-Gauche-C1
Eoliberty,ineris- B3-Droite-C3
Eoliberty,ineris- B3-Gauche-C1
Eoliberty,ineris- B4-Droite-C2
Eoliberty,ineris- B4-Gauche-C1
Eoliberty,ineris- Borne1-C2
Eoliberty,ineris- Borne1-C4
Eoliberty,ineris- Borne2-C2
Eoliberty,ineris- Borne2-C4
Eoliberty,ineris- Borne3-C2
Eoliberty,ineris- Borne3-C4
Etablissement Combes,Etablissement Combes
Evota Netherlands B.V. | FR*AUT,AUTEL EUROPE GmbH
FAROAD,TEV
Faroad | FR*EVE,FAROAD
Fastned France,Fastned Agen Le Passage
Fastned France,Fastned Aire de Bosgouet Sud
Fastned France,Fastned Aire de Changis sur Marne
Fastned France,Fastned Aire de Covoiturage de Guer
Fastned France,Fastned Aire de Dracé
Fastned France,Fastned Aire de Gevrey - Chambertin Ouest
Fastned France,Fastned Aire de Groisy
Fastned France,Fastned Aire de Jardin des Causses du Lot
Fastned France,Fastned Aire de Jonchets - La Grande Paroisse
Fastned France,Fastned Aire de Jonchets - Les Récompenses
Fastned France,Fastned Aire de Keskastel-Ouest
Fastned France,Fastned Aire de L'Obrion
Fastned France,Fastned Aire de La Maxe
Fastned France,Fastned Aire de Loisy
Fastned France,Fastned Aire de Pont Chêne d'Argent
Fastned France,Fastned Aire de Pont Val de Saône
Fastned France,Fastned Aire de Romagnieu
Fastned France,Fastned Aire de Rosny-Sud
Fastned France,Fastned Aire de Saint Ambreuil
Fastned France,Fastned Aire de Saint Hilaire Cottes
Fastned France,Fastned Aire de Saint-Julien-Mont-Denis
Fastned France,Fastned Aire de Saint-Léger
Fastned France,Fastned Aire de Saint-Nazaire les Eymes
Fastned France,Fastned Aire de Saulce
Fastned France,Fastned Aire de Ussy sur Marne
Fastned France,Fastned Aire de Valmy Le Moulin
Fastned France,Fastned Aire de Valmy-Orbeval
Fastned France,Fastned Aire de Villers-Bretonneux
Fastned France,Fastned Aire de Vémars Est
Fastned France,Fastned Aire de Vémars Ouest
Fastned France,Fastned Aire de Wancourt Est
Fastned France,Fastned Aire de la Plaine du Forez Est
Fastned France,Fastned Aire des Crêts Blancs
Fastned France,Fastned Aire des Groies
Fastned France,Fastned Aire du Manoire
Fastned France,Fastned Aire d’Achères - La Forêt
Fastned France,Fastned Aire d’Ambrussum Nord
Fastned France,Fastned Aire dՃcot Sud
Fastned France,Fastned Augny
Fastned France,Fastned Brest Europe
Fastned France,Fastned Emerainville
Fastned France,Fastned Enox Gennevilliers
Fastned France,Fastned Illies
Fastned France,Fastned Istres La Galerie
Fastned France,Fastned La Croix Blanche
Fastned France,Fastned Longuenesse
Fastned France,Fastned Montluçon Saint-Victor
Fastned France,Fastned Narbonne La Coupe
Fastned France,Fastned Perpignan Porte d'Espagne
Fastned France,Fastned Puiseux Pontoise
Fastned France,Fastned Quimper
Fastned France,Fastned Saint Dié des Vosges
Fastned France,Fastned Troyes Lavau
Fastned France,Fastned Vert-Saint-Denis
Fastned France,Fastned Vitry en Charollais
Freshmile,Freshmile
Freshmile,Morbihan Energies
Freshmile,Réseau de recharge CCPHVA
Freshmile,Réseau de recharge DOMAINE DES BUFFLONNES
Freshmile,"SM DEPARTEMENTAL D'ENERGIES DU CALVADOS DIT ""SDEC ENERGIE"""
Freshmile,Touquet Normal
Freshmile,Touquet Semi Rapide
Freshmile SAS,Freshmile
Freshmile | FR*CN1,Move In Pure
Freshmile | FR*FR1,Freshmile France
Fuzed | FR*FZD,Fuzed
Fédération Départementale d'Énergie de la Somme (FDE80) | FR*S80,FDE 80
G-MOB,GMOB
G-MOB,gmob
GEEVE,GEEVE
GREENSPOT,AED
GREENSPOT,ANRAS 01
GREENSPOT,ARCADIE BIO
GREENSPOT,Ambulance - Taxi - VSL MAQUIN
GREENSPOT,B&B LA ROCHELLE
GREENSPOT,BOISSEE - IBIS BUDGET CHATILLON 
GREENSPOT,BOISSEE - IBIS BUDGET DEAUVILLE
GREENSPOT,BOISSEE - IBIS BUDGET FECAMP
GREENSPOT,BOISSEE - IBIS BUDGET LE HAVRE
GREENSPOT,BOISSEE - IBIS BUDGET PETIT QUEVILLY 
GREENSPOT,BRICO LECLERC BOURCEFRANC
GREENSPOT,CARREFOUR FIGEAC
GREENSPOT,CARREFOUR MARKET BORDEAUX FERRY 
GREENSPOT,CARREFOUR MARKET BRANTÔME
GREENSPOT,CARREFOUR MARKET CAUDERAN
GREENSPOT,CARREFOUR MARKET FERRIERES
GREENSPOT,CHÂTEAU BELLEFONT-BELCIER
GREENSPOT,CHÂTEAU CHAUVIN
GREENSPOT,CHÂTEAU DE LA CHAIZE
GREENSPOT,CHÂTEAU DESMIRAIL
GREENSPOT,CHÂTEAU GABY
GREENSPOT,CHÂTEAU GIGOGNAN
GREENSPOT,CHÂTEAU GRAND BARRAIL
GREENSPOT,CHÂTEAU LYNCH BAGES
GREENSPOT,CHÂTEAU MANGOT
GREENSPOT,CHÂTEAU TOUR SAINT CHRISTOPHE
GREENSPOT,CM Montesquieu
GREENSPOT,CREDIT AGRICOLE AMBARES 
GREENSPOT,CREDIT AGRICOLE ANDERNOS
GREENSPOT,CREDIT AGRICOLE CREON 
GREENSPOT,CREDIT AGRICOLE MORCENX
GREENSPOT,CREDIT AGRICOLE SAINT ANDRE DE CUBZAC 
GREENSPOT,CREDIT AGRICOLE TARNOS
GREENSPOT,Château Les Ormes de Pez
GREENSPOT,Château Pey la Tour
GREENSPOT,DOMAINE LA FONTAINE
GREENSPOT,E. REMY & CIE
GREENSPOT,GREENSPOT
GREENSPOT,HOTEL LA ROBEYERE
GREENSPOT,HOTEL LES SALINES
GREENSPOT,HOTEL SAINT NICOLAS
GREENSPOT,IBIS GOLF ST TROPEZ
GREENSPOT,Ibis Budget et Greet LA ROCHELLE
GREENSPOT,Ibis LA TESTE DE BUCH
GREENSPOT,Ibis budget Dives sur Mer 
GREENSPOT,Ibis style ROUEN
GREENSPOT,LE FOURNIL DE CREON
GREENSPOT,LECLERC ROYAN
GREENSPOT,LECLERC SURGERE
GREENSPOT,LED ELEC-PV
GREENSPOT,MAISON GINESTET
GREENSPOT,MASQHOTEL
GREENSPOT,MERCURE LA ROCHELLE
GREENSPOT,Mercure Tours Nord
GREENSPOT,NOVOTEL LA ROCHELLE
GREENSPOT,NOVOTEL SENART
GREENSPOT,NOVOTEL THALASSA SAINT TROJAN
GREENSPOT,PEUGEOT CREON
GREENSPOT,PEUGEOT TRESSES
GREENSPOT,Pichet le stadium BAT C
GREENSPOT,SCI LOUSTALOT
GREENSPOT,Station LE GUA
GREENSPOT,THALAZUR ARCACHON
GREENSPOT,THALAZUR BAIE DES ANGES
GREENSPOT,THALAZUR OUISTREHAM
GREENSPOT,THALAZUR ROYAN
GREENSPOT,Thalazur Bains de Camargue
GREENSPOT,Thalazur bains de Cabourg
GROUPE INDIGO,Réseau de recharge du groupe Indigo
Green To Wheel,GreenToWheel
GreenFlux Assets B.V. | FR*EVZ,CARF - Bornes Publiques
GreenFlux Assets B.V. | FR*EVZ,EVzen
GreenFlux Assets B.V. | FR*EVZ,Evzen - bornes Opérateur
GreenFlux Assets B.V. | FR*EVZ,Norauto - Bornes publiques
GreenFlux Assets B.V. | FR*EVZ,SOMIMAR - Bornes publiques
Greenflux,ENGIE Vianeo
HABT,Hotel Ibis Styles Toulouse Blagnac Aéroport
HAEFELI,Réseau IRVE TE90
IDEX SOLAR CHARGING STATIONS,Réseau de recharge Idex
INOUID,Caliceo Sainte Cyr Public
INOUID,Caliceo Sainte Foy Public
Ionity,IONITY Agde
Ionity,IONITY Agen
Ionity,IONITY Auray
Ionity,IONITY Authezat
Ionity,IONITY Bedenac Est
Ionity,IONITY Bessoncourt
Ionity,IONITY Bonneville
Ionity,IONITY Bréguières Nord
Ionity,IONITY Centre de la France
Ionity,IONITY Dommartin
Ionity,IONITY Gevrey-Chambertin Est
Ionity,IONITY Jura
Ionity,IONITY Lacq Audéjos Nord
Ionity,IONITY Langres Perrogney
Ionity,IONITY Lauragais
Ionity,IONITY Le Faou
Ionity,IONITY Lochères
Ionity,IONITY Loudeac
Ionity,IONITY Lyon-Dagneux Sud
Ionity,IONITY Mayenne
Ionity,IONITY Mionnay Chatanay
Ionity,IONITY Montélimar Ouest
Ionity,IONITY Mornas les Adrets
Ionity,IONITY Orléans Nord
Ionity,IONITY Poitiers Jaunay-Clan
Ionity,IONITY Portes d'Angers Sud
Ionity,IONITY Saint Brieuc
Ionity,IONITY Saint-Rambert Est
Ionity,IONITY Seyssins
Ionity,IONITY Soissons Ouest
Ionity,IONITY Vallée de la vire Gouvets
Ionity,IONITY Villaines la Gonais
Izivia, EARL THIBAUT LE CHEMIN VERT
Izivia,0
Izivia,1008
Izivia,1009
Izivia,1010
Izivia,1012
Izivia,1017
Izivia,1025
Izivia,1029
Izivia,1032
Izivia,1037
Izivia,1042
Izivia,1046
Izivia,1049
Izivia,1052
Izivia,1053
Izivia,1057
Izivia,106
Izivia,1070
Izivia,1074
Izivia,1075
Izivia,1088
Izivia,1090
Izivia,1091
Izivia,1095
Izivia,1097
Izivia,1098
Izivia,1102
Izivia,1119
Izivia,112
Izivia,1133
Izivia,1134
Izivia,1140
Izivia,1147
Izivia,1152
Izivia,1158
Izivia,1159
Izivia,1163
Izivia,117
Izivia,1170
Izivia,1175
Izivia,1176
Izivia,1182
Izivia,1183
Izivia,1184
Izivia,1185
Izivia,1187
Izivia,1193
Izivia,1201
Izivia,1204
Izivia,1206
Izivia,1207
Izivia,1208
Izivia,1209
Izivia,1213
Izivia,1216
Izivia,1223
Izivia,1224
Izivia,1230
Izivia,1233
Izivia,1236
Izivia,1237
Izivia,1261
Izivia,1265
Izivia,1268
Izivia,1269
Izivia,127
Izivia,1270
Izivia,1273
Izivia,1276
Izivia,1288
Izivia,1291
Izivia,1293
Izivia,1294
Izivia,1298
Izivia,130
Izivia,1301
Izivia,1302
Izivia,1306
Izivia,1307
Izivia,1308
Izivia,1318
Izivia,1319
Izivia,1334
Izivia,1335
Izivia,1339
Izivia,1341
Izivia,1343
Izivia,1347
Izivia,1350
Izivia,1352
Izivia,1357
Izivia,1359
Izivia,1365
Izivia,1370
Izivia,1372
Izivia,1386
Izivia,1393
Izivia,1397
Izivia,1401
Izivia,1402
Izivia,1404
Izivia,1409
Izivia,141
Izivia,1414
Izivia,1425
Izivia,1433
Izivia,1435
Izivia,1437
Izivia,1452
Izivia,1453
Izivia,1454
Izivia,1459
Izivia,146
Izivia,1464
Izivia,1470
Izivia,1480
Izivia,1481
Izivia,1489
Izivia,149
Izivia,1491
Izivia,1504
Izivia,1510
Izivia,1512
Izivia,1519
Izivia,1523
Izivia,1534
Izivia,1542
Izivia,1551
Izivia,1556
Izivia,1567
Izivia,157
Izivia,1572
Izivia,1585
Izivia,159
Izivia,1599
Izivia,1611
Izivia,1616
Izivia,1617
Izivia,1625
Izivia,1648
Izivia,1649
Izivia,1655
Izivia,1657
Izivia,1658
Izivia,1662
Izivia,1665
Izivia,1668
Izivia,167
Izivia,1674
Izivia,1680
Izivia,1681
Izivia,1683
Izivia,1690
Izivia,1691
Izivia,1696
Izivia,1698
Izivia,1699
Izivia,1707
Izivia,1713
Izivia,1715
Izivia,1721
Izivia,1722
Izivia,1727
Izivia,1728
Izivia,1729
Izivia,173
Izivia,1731
Izivia,1736
Izivia,180
Izivia,182
Izivia,187
Izivia,195
Izivia,203
Izivia,205
Izivia,210
Izivia,216
Izivia,219
Izivia,224
Izivia,225
Izivia,232
Izivia,235
Izivia,239
Izivia,240
Izivia,242
Izivia,250
Izivia,261
Izivia,266
Izivia,271
Izivia,272
Izivia,274
Izivia,283
Izivia,284
Izivia,289
Izivia,290
Izivia,291
Izivia,294
Izivia,295
Izivia,296
Izivia,299
Izivia,300
Izivia,301
Izivia,303
Izivia,310
Izivia,312
Izivia,313
Izivia,320
Izivia,322
Izivia,329
Izivia,332
Izivia,334
Izivia,336
Izivia,337
Izivia,338
Izivia,339
Izivia,344
Izivia,352
Izivia,354
Izivia,356
Izivia,360
Izivia,361
Izivia,363
Izivia,381
Izivia,383
Izivia,390
Izivia,393
Izivia,395
Izivia,399
Izivia,404
Izivia,411
Izivia,412
Izivia,415
Izivia,420
Izivia,422
Izivia,425
Izivia,426
Izivia,429
Izivia,431
Izivia,433
Izivia,435
Izivia,436
Izivia,439
Izivia,457
Izivia,465
Izivia,476
Izivia,481
Izivia,482
Izivia,483
Izivia,495
Izivia,499
Izivia,504
Izivia,505
Izivia,509
Izivia,511
Izivia,517
Izivia,525
Izivia,538
Izivia,539
Izivia,544
Izivia,546
Izivia,554
Izivia,565
Izivia,566
Izivia,570
Izivia,575
Izivia,582
Izivia,592
Izivia,595
Izivia,60
Izivia,602
Izivia,603
Izivia,606
Izivia,608
Izivia,618
Izivia,619
Izivia,622
Izivia,630
Izivia,633
Izivia,639
Izivia,648
Izivia,665
Izivia,668
Izivia,672
Izivia,689
Izivia,692
Izivia,695
Izivia,703
Izivia,706
Izivia,7145
Izivia,715
Izivia,7158
Izivia,7161
Izivia,718
Izivia,7202
Izivia,7206
Izivia,7241
Izivia,730
Izivia,743
Izivia,745
Izivia,750
Izivia,755
Izivia,756
Izivia,767
Izivia,768
Izivia,772
Izivia,776
Izivia,782
Izivia,787
Izivia,799
Izivia,813
Izivia,818
Izivia,822
Izivia,827
Izivia,850
Izivia,857
Izivia,858
Izivia,862
Izivia,875
Izivia,878
Izivia,884
Izivia,889
Izivia,892
Izivia,898
Izivia,903
Izivia,904
Izivia,906
Izivia,908
Izivia,917
Izivia,919
Izivia,922
Izivia,928
Izivia,932
Izivia,934
Izivia,936
Izivia,938
Izivia,940
Izivia,942
Izivia,950
Izivia,952
Izivia,953
Izivia,967
Izivia,97
Izivia,971
Izivia,975
Izivia,978
Izivia,ACC HUSSE
Izivia,ADVANCED CONFORT SYSTEMS
Izivia,AEROPORTS DE LYON
Izivia,AGILAUTO
Izivia,AGROPOLE
Izivia,AIX-EN-PROVENCE
Izivia,AMSOM HABITAT
Izivia,AQUABELLA
Izivia,ASCAPE
Izivia,ASSOCIATION LE BOIS NOIR / ELORN IMMOBILIER
Izivia,ATB ENERGIE
Izivia,ATLANTIS - SAS SHD IMMO
Izivia,AU MARCHE SAVOYARD
Izivia,AUCHAN
Izivia,AUTOGRILL
Izivia,B&B HOTEL
Izivia,B2G DIFFUS
Izivia,BAOBAB
Izivia,BATIMENT START
Izivia,BMW HELI-MOTORS
Izivia,BORNES-E
Izivia,BOULANGER VARTELEC
Izivia,BOURGUEIL
Izivia,BRAS - LE SUQUET
Izivia,BRIOCHES FONTENEAU
Izivia,BRIT HOTEL
Izivia,BRN06 - Mermoz-Pinel - Charge ultra-rapide
Izivia,CAMP ATLANTIC
Izivia,CAMPING AURAN LES PLANS
Izivia,CAMPING CHADOTEL - LA DUNE DES SABLES
Izivia,CAMPING CHADOTEL - OCEANO DOR
Izivia,CAMPING CRIN BLANC
Izivia,CAMPING DE KERSENTIC
Izivia,CAMPING DE LOCEAN
Izivia,CAMPING DEVILLAIRS
Izivia,CAMPING DU LAVEDAN
Izivia,CAMPING ELEOVIC
Izivia,CAMPING LA PERLE
Izivia,CAMPING LA PLAGE
Izivia,CAMPING LE PARADIS
Izivia,CAMPING LE ROUGE GORGE
Izivia,CAMPING LE TALOUCH
Izivia,CAMPING LES EMBRUNS
Izivia,CAMPING LES RESPOUNCHOUS
Izivia,CAMPING LES ROCHELETS
Izivia,CAMPING LEZ-EAUX
Izivia,CAMPING MUNICIPALE LES SABLERES
Izivia,CAMPING RESASOL
Izivia,CAMPING SANDAYA
Izivia,CAMPING SUNELIA LES 3 VALLEES
Izivia,CAMPING UR ONEA
Izivia,CANCE
Izivia,CANTAL REPROGRAPHIE
Izivia,CAP KOAD
Izivia,CARREFOUR
Izivia,CARREFOUR GRESY-SUR-AIX
Izivia,CAVE COOP VINIFI COSTIERES
Izivia,CC CARRE SUD
Izivia,CC CHAMNORD
Izivia,CC PLACE DU DAUPHINÉ
Izivia,CCI - BAYONNE PAYS BASQUE
Izivia,CCI - CALAIS
Izivia,CCI - OUST MAREST
Izivia,CENTRAKOR
Izivia,CENTRAKOR CHAMPNIERS
Izivia,CENTRE CCIAL LA VOULZIE
Izivia,CENTRIMEX
Izivia,CHA01 - ZI Chassieu - Rocade Est
Izivia,CHATEAU GISCOURS
Izivia,CLUB DU DOMAINE DES HAUTS DE VAUGRENIER
Izivia,COFRA
Izivia,COMMUNAUTE DE COMMUNES DU PAYS DE WISSEMBOURG
Izivia,COMMUNE DE SAINT-FLOUR
Izivia,COMMUNE DOYONNAX
Izivia,COMMUNE VAL DISERE
Izivia,CONFISERIE LE ROY RENE
Izivia,COU25E
Izivia,COURBEVOIE - 2
Izivia,CREPS DE POITIERS
Izivia,CSP PARIS FASHION GROUP
Izivia,CSV39E
Izivia,CTA CONSTRUCTION
Izivia,CYCLIFE-EV100
Izivia,"Centre Commercial Leclerc, Rue Jean-Philippe Rameau"
Izivia,DALKIA-EV100
Izivia,DAR01 - M6 - Porte de Lyon
Izivia,DEAUVILLE
Izivia,DEC03 - Eurexpo - Sept Chemins
Izivia,DEP INDUSTRIE
Izivia,DOMAINE DE LESPERON
Izivia,DOMOLANDES
Izivia,E.LECLERC
Izivia,E.LECLERC ALBI
Izivia,E.LECLERC AMBOISE
Izivia,E.LECLERC ANGLET
Izivia,E.LECLERC AVERMES
Izivia,E.LECLERC BELFORT
Izivia,E.LECLERC LYON BARTHELEMY
Izivia,E.LECLERC MONTAUBAN
Izivia,E.LECLERC ORVAULT
Izivia,E.LECLERC SAINT GREGOIRE
Izivia,E.LECLERC SAINT MAUR NORD
Izivia,ECOLE DINGENIEURS DE PURPAN SITE TOULOUSE
Izivia,EDEIS AEROPORT CHERBOURG-MAUPERTUS
Izivia,EDF-EN-EV100
Izivia,EDF-EV100
Izivia,EDF-EV100 - PEI/SEI 
Izivia,EKOSPORT
Izivia,ENDESA
Izivia,EPSA
Izivia,ES-B2B
Izivia,ES-B2G
Izivia,ES-STATION CHARGE
Izivia,EURL R.M.A
Izivia,FAIVELEY
Izivia,FEDERATION FRANCAISE DE FOOTBALL
Izivia,FEDERATION FRANCAISE DEQUITATION
Izivia,FLANDRE ENERGIES
Izivia,FLEURY MICHON
Izivia,FLEX-E - VALENCE NORD - AIRE DE COVOITURAGE
Izivia,FOS03 - Place de l'Eglise
Izivia,FPEE INDUSTRIES
Izivia,FREY
Izivia,FROMAGERIE MILLERET
Izivia,GARAGE RENAULT FIDALGO
Izivia,GARAGE TERRIEN
Izivia,GAZZELLA ATLANTIQUE
Izivia,GPSO
Izivia,GROUPE EDENIS
Izivia,GROUPE INCA
Izivia,GROUPE PARTOUCHE
Izivia,GROUPE PARTOUCHE - CASINO ROYAT
Izivia,GROUPE VIKINGS
Izivia,HAMARIS CHAUMONT
Izivia,HAMMEL
Izivia,HAUTS DE MONTROUGE
Izivia,HOPITAL DE SEMUR
Izivia,HOTEL CARCARILLE
Izivia,HOTEL CASINO
Izivia,HOTEL ESTELOU
Izivia,HOTEL IBARBOURE
Izivia,HOTEL LA CHAMBRE
Izivia,HOTEL LE BELVEDERE
Izivia,HOTEL RESTAURANT LA PERGOLA
Izivia,HOTELS IBIS
Izivia,HOTRAVAIL
Izivia,HUHTAMAKI
Izivia,HYPER U - MURS-ERIGNÉ
Izivia,IBIPEX
Izivia,INTERMARCHE
Izivia,INTERMARCHE BAYONNE
Izivia,INTERMARCHE CLAUGINIE
Izivia,INTERMARCHÉ BRIVE
Izivia,INTERMARCHÉ CAMBRAI
Izivia,INTERMARCHÉ COMBS-LA-VILLE
Izivia,INTERMARCHÉ CROISSY BEAUBOURG
Izivia,INTERMARCHÉ GERZAT
Izivia,INTERMARCHÉ GRADIGNAN
Izivia,INTERMARCHÉ LAON
Izivia,INTERMARCHÉ LE MANS
Izivia,INTERMARCHÉ LIMOGES
Izivia,INTERMARCHÉ MONS EN BAROEIL
Izivia,INTERMARCHÉ POITIERS
Izivia,INTERMARCHÉ PONT A MOUSSON
Izivia,INTERMARCHÉ ROCHEFORT
Izivia,IRY02 - Gare d'Yvours
Izivia,IZIVIA EXPRESS - CC SAINT-MARCEL
Izivia,IZIVIA FAST - McDonald's - Bordeaux Lac
Izivia,IZIVIA FAST - McDonald's - Givet
Izivia,IZIVIA FAST - McDonald's - Ville Du Bois
Izivia,IZIVIA FAST - McDonald's - Vitry en Charolais
Izivia,JERNAT
Izivia,JIVA HILL RESORT
Izivia,JONATHAN EVENEMENTS
Izivia,JOUE LES TOURS
Izivia,KAFREMBO
Izivia,KIAGIS
Izivia,KR EXPANSION
Izivia,KYRIAD
Izivia,LA FOIR'FOUILLE - CASTRES
Izivia,LA GARANGEOIRE
Izivia,LA NORMANDISE
Izivia,LABORATOIRE DES PYRENEES ET DES LANDES
Izivia,LABORATOIRES M&L
Izivia,LAFUMA MOBILIER
Izivia,LAM02 - M7 - Confluence
Izivia,LE CASTEL EMERAUDE
Izivia,LE CONCORDE
Izivia,LE FIEF MELIN
Izivia,LE GOLF DES HAUTS DE NIMES
Izivia,LE HAVRE
Izivia,LES CAVES DE LA LOIRE
Izivia,LES JARDINS DE LA MER
Izivia,LES MOUSQUETAIRES
Izivia,LES TERRASSES DEZE
Izivia,LES VIGNERONS DE FLORENSAC
Izivia,LEVAPARC
Izivia,LIM95F
Izivia,LOGIS TRAVAUX
Izivia,LR2P
Izivia,LY207 - Cours Suchet
Izivia,LY320 - Part-Dieu Est
Izivia,LY321 - Part-Dieu Ouest
Izivia,LY708 - Jean Macé - Saint-Lazare
Izivia,LY709 - General Leclerc
Izivia,LY811 - Etats-Unis - Lycée Lumière
Izivia,LY905 - Marietton
Izivia,Le Comptoir du Malt
Izivia,MAIRIE DE COURRIERES
Izivia,MAIRIE DE FREVENT
Izivia,MAIRIE DE HARNES
Izivia,MAISON PIERRE OTEIZA
Izivia,MAISONS FRANCE CONFORT
Izivia,MAISONS TERRE DOC
Izivia,MASSILLY GROUPE
Izivia,METRE CARRE
Izivia,MEY04 - Rocade Est
Izivia,MILLAU DIFF
Izivia,MIPIOL - INTERMARCHE
Izivia,MIS02 - Rocade Est - D318
Izivia,MOISSELLES
Izivia,Mc Donald's - Albertville
Izivia,Mc Donald's - Allonnes
Izivia,Mc Donald's - Amilly
Izivia,Mc Donald's - Beaufort en Vallée
Izivia,Mc Donald's - Beynost
Izivia,Mc Donald's - Bourgoin Jallieu
Izivia,Mc Donald's - Castanet
Izivia,Mc Donald's - Chambray les Tours
Izivia,Mc Donald's - Château Gontier
Izivia,Mc Donald's - Fenouillet
Izivia,Mc Donald's - HONFLEUR
Izivia,Mc Donald's - L'AIGLE
Izivia,Mc Donald's - Langueux
Izivia,Mc Donald's - Roques sur Garonne
Izivia,Mc Donald's - Terrasson-Lavilledieu
Izivia,Mc Donald's - VIRE
Izivia,McDonald's - ALBERT
Izivia,McDonald's - ANTIBES OUEST
Izivia,McDonald's - Avignon Le Pontet
Izivia,McDonald's - Bain de Bretagne
Izivia,McDonald's - Blanquefort
Izivia,McDonald's - DIJON SUD
Izivia,McDonald's - Douai Vauban
Izivia,McDonald's - LA FERTE BERNARD
Izivia,McDonald's - Le Mans CGR
Izivia,McDonald's - Mennecy Montvrain
Izivia,McDonald's - Nancy Laxou
Izivia,McDonald's - Noisy-le-Grand Montfort
Izivia,McDonald's - Orléans
Izivia,McDonald's - PONTORSON
Izivia,McDonald's - ROCHEFORT
Izivia,McDonald's - RUBELLES
Izivia,McDonald's - SAINT ANDRE DE CUBZAC 1
Izivia,McDonald's - SAINT JEAN D'ANGELY
Izivia,McDonald's - SAINT JOUAN DES GUERETS
Izivia,McDonald's - SAINT MARTIN AU LAERT
Izivia,McDonald's - SAINT MARTIN LACAUSSADE
Izivia,McDonald's - SAINT PAUL LES DAX
Izivia,McDonald's - SENS CHAMPS PLAISANTS
Izivia,McDonald's - SIERENTZ
Izivia,McDonald's - Saint Avold Mangin
Izivia,McDonald's - Saint Philbert de Grand Lieu
Izivia,McDonald's - Saint-Martin-d'Hères
Izivia,McDonald's - Saint-Pierre-des-Corps
Izivia,McDonald's - Servon-sur-Vilaine
Izivia,McDonald's - Vigneux de Bretagne
Izivia,MobiVE
Izivia,NETTO
Izivia,NETTO - DAMPIERRUS
Izivia,NETTO GIMA
Izivia,NH HOTEL
Izivia,NHOOD
Izivia,NORAUTO
Izivia,NORAUTO - SAINT-NAZAIRE
Izivia,OF COURSE TRANSPORT
Izivia,OMBRIWATT-ST LAURENT BLANGUY
Izivia,ORECO
Izivia,ORTEC
Izivia,PAN54E
Izivia,PAPREC
Izivia,PATISMATIQUE
Izivia,PFRA - NOUVELLE-AQUITAINE
Izivia,PLESSIS-TREVISE
Izivia,POUILLY EN AUXOIS
Izivia,PRODUCTEURS PLAIMONT
Izivia,PROVENCIA
Izivia,QUERCY FROID
Izivia,REINE DE DIJON
Izivia,RENAULT TRUCKS
Izivia,REPORAMA
Izivia,RESERVE AFRICAINE DE SIGEAN
Izivia,RIL05 - Z.I Semenaz
Izivia,ROTEL
Izivia,SAINT-MARCEL
Izivia,SAS EPONA
Izivia,SAS LE RUISSEAU
Izivia,SCA ALINEA
Izivia,SCI MEUNIER
Izivia,SEMVR
Izivia,SERCEL
Izivia,"SIGEIF - 2, Boulevard du Levant - Noisy-le-Grand"
Izivia,SIGEIF - 22 Quai d’Asnières - Villeneuve-la-Garenne
Izivia,SIGEIF - 22 avenue du Général Leclerc - Maisons-Alfort
Izivia,SIGEIF - 22-28 rue Henri Barbusse - Clichy
Izivia,"SIGEIF - Gennevilliers, 12 Rue Louis Calmel"
Izivia,SIGERLy
Izivia,SIMON SAS
Izivia,SNC CLEMENT ADER
Izivia,SOBAG
Izivia,SODIP
Izivia,SUPER U - ROUJAN
Izivia,SYDER
Izivia,SYGNATURES
Izivia,SYSTEME U
Izivia,Super U -  Boofzheim
Izivia,TDL05 - Demi-Lune
Izivia,TEGOMETALL
Izivia,TENNESSEE GRILL Vauxbuin
Izivia,TESTO INDUSTRIAL SERVICES
Izivia,TIERS
Izivia,TITI FLORIS
Izivia,UBAUD
Izivia,UNION AGRICOLE DU PAYS DE LOIRE
Izivia,UNIVITIS
Izivia,UP2PLAY
Izivia,VAV06 - Carré de Soie - Bohlen
Izivia,VERDUN
Izivia,VIL02 - Tête d'Or - Stalingrad
Izivia,VIL11 - Buers - Salengro
Izivia,VIL14 - Cusset
Izivia,VIPE GESTION
Izivia,VM DECOR
Izivia,VOLKSWAGEN
Izivia,WATERROWER
Izivia,ZOOPARC DE BEAUVAL
Jerecharge.com,Jerecharge.com
Kallista BDR,YAWAY Recharge
LANGON DISTRIBUTION,BBJ Mazères
LANGON DISTRIBUTION,Centre Auto Leclerc Langon
LE REVE DE JANINE,LE REVE DE JANINE
LMS,PARTAGE MA BORNE
LMS Informatique,LMS Informatique
LOAD STATIONS | FR*SEA,SIEA
Leclerc Millau,Leclerc Millau
Lumi'in | FR*LUM,LUMI'IN
Milence,Milence
Mob-Energy | FR*MEI,Mob-Energy
Mobilize Fast Charge Network FRANCE,Mobilize Power Solutions
Mobilygreen,Mobilygreen
Mobilygreen | FR*VIS,ENRGETICA
Morbihan énergies | FR*S56,Mobilité électrique 56
NW IECharge,Abbéville-lès-Conflans
NW IECharge,Allaire
NW IECharge,Amanvillers
NW IECharge,Amilly
NW IECharge,Andel
NW IECharge,Aubigné-sur-Layon
NW IECharge,Auriolles
NW IECharge,Avrillé
NW IECharge,Baud
NW IECharge,Beaugency
NW IECharge,Beaumont-de-Lomagne
NW IECharge,Biscarrosse
NW IECharge,Bléré
NW IECharge,Boinville-en-Mantois
NW IECharge,Bonnieres sur Seine
NW IECharge,Bonvillet
NW IECharge,Bourbon-l'Archambault
NW IECharge,Brieulles-sur-Meuse
NW IECharge,Brou
NW IECharge,Campagne
NW IECharge,Carcassonne
NW IECharge,Carquefou
NW IECharge,Caumont-sur-Aure
NW IECharge,Champniers
NW IECharge,Chantrigné
NW IECharge,Chargé
NW IECharge,Charleval
NW IECharge,Chauffailles
NW IECharge,Chazelles sur Lyon
NW IECharge,Chazey-Bons
NW IECharge,Chinon
NW IECharge,Cierzac
NW IECharge,Combourg
NW IECharge,Coteaux-sur-Loire
NW IECharge,Couesmes
NW IECharge,Couleuvre
NW IECharge,Culhat
NW IECharge,Dampierre-en-Burly
NW IECharge,Derval
NW IECharge,Diges
NW IECharge,Dogneville II
NW IECharge,Dombrot-le-Sec
NW IECharge,Domfront
NW IECharge,Dommartin-lès-Remiremont
NW IECharge,Dormans
NW IECharge,Douchy-Montcorbon
NW IECharge,Dourdan
NW IECharge,Glonville II
NW IECharge,Guengat
NW IECharge,Guerlesquin
NW IECharge,Guérande
NW IECharge,Gétigné
NW IECharge,Hagetmau
NW IECharge,Hambach
NW IECharge,Henrichemont
NW IECharge,Hémonstoir
NW IECharge,IEC V2 Factory test Nidec ASI
NW IECharge,Kernoues
NW IECharge,La Roche-sur-Yon
NW IECharge,La Vôge les Bains
NW IECharge,Lacres
NW IECharge,Lauzerte
NW IECharge,Le Mans II
NW IECharge,Liny-Devant-Dun B
NW IECharge,Loché-sur-Indrois
NW IECharge,Loireauxence
NW IECharge,Maen Roch
NW IECharge,Mailly-le-Château
NW IECharge,Mairy-Mainville
NW IECharge,Mantes-la-Ville
NW IECharge,Maurs
NW IECharge,Maîche
NW IECharge,Melesse
NW IECharge,Mirecourt
NW IECharge,Misérieux
NW IECharge,Molompize
NW IECharge,Mondoubleau
NW IECharge,Montalieu-Vercieu
NW IECharge,Montauban B
NW IECharge,Montverdun
NW IECharge,Méru Amblainville
NW IECharge,Mézidon Vallée d'Auge
NW IECharge,Nesle-Normandeuse
NW IECharge,Neulise
NW IECharge,Niort Saint-Florent
NW IECharge,Nissan-Lez-Enserune
NW IECharge,Niévroz
NW IECharge,Noyal-Pontivy
NW IECharge,Orbec
NW IECharge,Orgeval
NW IECharge,Orignolles
NW IECharge,Os-Marsillon
NW IECharge,Piffonds
NW IECharge,Pleumartin
NW IECharge,Plouasne
NW IECharge,Plouyé
NW IECharge,Plufur
NW IECharge,Pontchateau
NW IECharge,Pontfaverger-Moronvilliers
NW IECharge,Pujaudran
NW IECharge,Périers
NW IECharge,Quevilloncourt
NW IECharge,Quièvrecourt
NW IECharge,Rambervilliers
NW IECharge,Reims
NW IECharge,Reims B
NW IECharge,Reuil
NW IECharge,Riorges
NW IECharge,Riscle
NW IECharge,Roanne
NW IECharge,Rue
NW IECharge,Sablé-sur-Sarthe
NW IECharge,Saint Hilaire du Harcouët
NW IECharge,Saint Victor de Morestel
NW IECharge,Saint-Amour
NW IECharge,Saint-Benin-d'Azy
NW IECharge,Saint-Benoît-la-Forêt
NW IECharge,Saint-Igny-de-Roche
NW IECharge,Saint-Jean-le-Vieux
NW IECharge,Saint-Léger-sur-Roanne
NW IECharge,Saint-Léon-sur-l'Isle
NW IECharge,Saint-Pierre-la-Cour
NW IECharge,Saint-Pierre-le-Moûtier II
NW IECharge,Saint-Père-en-Retz
NW IECharge,Saint-Rénan
NW IECharge,Saint-Thelo
NW IECharge,Saint-Vincent-d'Autéjac
NW IECharge,Sainte Catherine
NW IECharge,Saujon
NW IECharge,Sully-sur-Loire B
NW IECharge,Suèvres
NW IECharge,Taden
NW IECharge,Trie-la-Ville
NW IECharge,Triel-sur-Seine
NW IECharge,Trélivan
NW IECharge,Val-Revermont
NW IECharge,Vaupillon
NW IECharge,Verneuil d'Avre et d'Iton
NW IECharge,Vernouillet
NW IECharge,Vezin-le-Coquet
NW IECharge,Ville-en-Vermois
NW IECharge,Vimoutiers
NW IECharge,Vincey
NW IECharge,Virandeville
NW IECharge,Vironvay
NW IECharge,Vitré II
NW IECharge,Winnezeele
NW IECharge,Wittenheim
NW IECharge,Yvetot-Bocage
NW IECharge,Épeigné-sur-Dême-II
Normatech Lodmi,Bornes de recharge AC Candas
Obornes | FR*ORV,Obornes
Orléans Métropole | FR*M45,Orléans Métropole
Paragon Mobility,Paragon Mobility
Paragon Mobility | FR*PAM,Paragon Mobility
Plageco Distribution,E. Leclerc
Plageco Distribution,Leclerc Express Labouheyre
Power Dot France,Power Dot France
ProperPhi,PROPERPHI
QOVOLTIS,LABODENT
QOVOLTIS,QOVOLTIS
QoWatt,1 Rue de l
QoWatt,Avenue du 
QoWatt,Chemin de 
QoWatt,Château de
QoWatt,Passage de
QoWatt,QoWatt
QoWatt,Route de J
QoWatt,Route de N
QoWatt,Route de l
QoWatt,Route du C
QoWatt,Rue Annet 
QoWatt,Rue de Poi
QoWatt,Rue de la 
QoWatt,Rue des Ca
QoWatt,Rue des Ce
QoWatt,Rue du 8 M
QoWatt,Rue du Boi
QoWatt,Rue du Cha
QoWatt,Rue du Gra
QoWatt,Rue du Gén
QoWatt,Voie du Bo
R3,DBT
R3,Norauto
R3,R3
R3,SPV COM
REVEO SYADEN | FR*RVE,Révéo
REVEO SYADEN | FR*RVE,Révéo 2025
Road | FR*EFL,Road
Royal Champagne,Royal Champagne Hotel & Spa
SA FOOTBALL CLUB DES GIRONDINS DE BORDEAUX,SA FOOTBALL CLUB DES GIRONDINS DE BORDEAUX
SAP Labs France SAS | FR*SLF,SAP Labs
SARL LAFOURCADE ,SARL LAFOURCADE
SAS Miodis,E. Leclerc
SEVDEC,Réseau de recharge AVENIR ISO
SEVDEC,Réseau de recharge CAISSE D EPARGNE
SEVDEC,Réseau de recharge CLINIQUE PORTES EURE
SEVDEC,Réseau de recharge DIFFUSION PLUS
SEVDEC,Réseau de recharge GORON
SEVDEC,Réseau de recharge HELIE
SEVDEC,Réseau de recharge LAB ELLE CONCEPT
SEVDEC,Réseau de recharge LEMOINE
SEVDEC,Réseau de recharge OTB AGENCEMENT
SEVDEC,Réseau de recharge REGNAULT
SEVDEC,Réseau de recharge SCP MEUNIER
SEVDEC,Réseau de recharge SEC BURETTE
SEVDEC,Réseau de recharge SEVDEC
SEVDEC,Réseau de recharge SMEG
SEVDEC,Réseau de recharge Seine Attractivité
SGA Industries,Réseau de recharge AC AUTOMOBILES
SGA Industries,Réseau de recharge ALCEANE
SGA Industries,Réseau de recharge Agronovae
SGA Industries,Réseau de recharge Brasserie Castelain
SGA Industries,Réseau de recharge Bricobois
SGA Industries,Réseau de recharge Bricoplan
SGA Industries,Réseau de recharge Bulle de Linge
SGA Industries,Réseau de recharge C.A.U.E.
SGA Industries,Réseau de recharge CGMP
SGA Industries,Réseau de recharge Chateau du Landel
SGA Industries,Réseau de recharge Comble d'en France
SGA Industries,Réseau de recharge DEBELEC
SGA Industries,Réseau de recharge Distilleries
SGA Industries,Réseau de recharge Dumouchel
SGA Industries,Réseau de recharge ESB
SGA Industries,Réseau de recharge Eiffage Metal
SGA Industries,Réseau de recharge Fauché
SGA Industries,Réseau de recharge Filitosa
SGA Industries,Réseau de recharge Garage Phelippeau
SGA Industries,Réseau de recharge Groupe AVLO
SGA Industries,Réseau de recharge Groupe MARTENAT
SGA Industries,Réseau de recharge Groupe Peyrot
SGA Industries,Réseau de recharge IDME
SGA Industries,Réseau de recharge L2B
SGA Industries,Réseau de recharge LE SUN
SGA Industries,Réseau de recharge LOGEAL
SGA Industries,Réseau de recharge MAME CHARGE
SGA Industries,Réseau de recharge Marc Habitat Solutions
SGA Industries,Réseau de recharge OGER
SGA Industries,Réseau de recharge Point P
SGA Industries,Réseau de recharge REVOLT
SGA Industries,Réseau de recharge SCI EVILIA
SGA Industries,Réseau de recharge SICEP
SGA Industries,Réseau de recharge SMC BOIS
SGA Industries,Réseau de recharge SNEF
SGA Industries,Réseau de recharge Saint-Saens
SGA Industries,Réseau de recharge SoPlug
SGA Industries,Réseau de recharge Sogestran
SGA Industries,Réseau de recharge Techproelec
SGA Industries,Réseau de recharge Tremblaye
SGA Industries,Réseau de recharge VFE85
SGA Industries,Réseau de recharge VILLA BLEUE
SGA Industries,Réseau de recharge la musse
SIEGE 27,SIEGE27
SNER RHONE-ALPES,GMK Motorsport
SOCIETE BRICORTHE,WELDOM
SPBR1,eborn
SPBR1 | FR*EBN,Réseau eborn
SPIE CityNetworks,Béziers
SPIE CityNetworks,METROPOLIS
SPIE CityNetworks,Métropolis
SPIE CityNetworks,Pays de GEX
SPIE CityNetworks,RSE01
SPIE CityNetworks,SIEG63
SPIE CityNetworks,SYDELA
SPIE CityNetworks,Siéml
SPIE CityNetworks,e-Vadea
SPIM ENERGIES,SPIM ENERGIES
STATIONS-E,Stations-e
Securecharge,Securecharge
Shell Recharge,Shell Aire d'Armor et d'Argoat - St Gilles
Shell Recharge,Shell Aire de Béziers-Montblanc NORD
Shell Recharge,Shell Aire de Ostwald HW
Shell Recharge,Shell Aire des Eglantiers - Ruffec
Shell Recharge,Shell Aire du Domaine d'Harcourt HW
Shell Recharge,Shell- France Aire de Rumaucourt HW
Soregies,Soregies
Sowatt Solutions,CIBLE ELEC 1
Sowatt Solutions,EVBOX – SOWATT
Sowatt Solutions,Jean Lain
Sowatt Solutions,SALOMON
Sowatt Solutions,Sowatt Solutions
Sowatt Solutions,Wellborne
Syndicat Départemental d'Énergie De la Haute-Garonne (SDEHG) | FR*S31,Roulez Électrique En Haute-Garonne
Syndicat Départemental d'Énergie de Tarn-et-Garonne (SDE82) | FR*S82,SDE82
Syndicat Départemental d'Énergies du Gers (SDEG) | FR*S32,SDEG32
Syndicat Départemental Énergie Aube (SDEA) | FR*S10,SDEA 10
Syndicat Mixte Départemental d'Énergies du Calvados (SDEC Énergie) | FR*S14,MobiSDEC
Syndicat d'Energie et des Déchets de la Marne (SDED52) | FR*S52,SDED52
Séolis,AlterBase
TANAY Electricité,Riviera Car Center
TESLA France SARL,TESLA SUPERCHARGER
Tesla,Tesla
Total Charging Services, Carglass Services SAS - Chasseneuil Futuroscope
Total Charging Services,Carglass Services SAS - DARDILLY
Total Charging Services,Carglass Services SAS - F - Nîmes
Total Charging Services,Carglass Services SAS - Herblay sur seine
Total Charging Services,Carglass Services SAS - MARIGNANE
Total Charging Services,Carglass Services SAS - PANTIN
Total Charging Services,Carglass Services SAS - VILLENEUVE D'ASCQ
TotalEnergies, GROUPE DESFOSSEY - ACCOR - IBIS RED BEAUNE CENTRE
TotalEnergies, GROUPE DESFOSSEY - ACCOR - IBIS STYLES BEAUNE CENTRE
TotalEnergies, GROUPE DESFOSSEY- ACCOR - IBIS BUDGET NUITS SAINT GEORGES
TotalEnergies, VIKINGS CASINO B&B LA RIVIERE ST SAUVEUR
TotalEnergies, VIKINGS CASINO IBIS BUDGET MONDEVILLE
TotalEnergies, VIKINGS CASINO IBIS ROUGE HONFLEUR
TotalEnergies,Accor Hotels
TotalEnergies,Atelier de l'Aluminium Chanopost
TotalEnergies,BEST WESTERN NANTES
TotalEnergies,BMW
TotalEnergies,BMW EPINAL
TotalEnergies,BMW METZ
TotalEnergies,BMW SARREBOURG
TotalEnergies,Belib'
TotalEnergies,CHALLANS AUTOMOBILES
TotalEnergies,DA COSTA AUTOMOBILES
TotalEnergies,F.B SERVICE
TotalEnergies,GARAGE BELIARD
TotalEnergies,GARAGE MERCIER
TotalEnergies,GARAGE PEUGEOT CUCIS
TotalEnergies,GROUPE DESFOSSEY - ACCOR - IBIS RED CHALON SUR SAONE NORD
TotalEnergies,GROUPE DESFOSSEY - ACCOR - IBIS RED PONTARLIER
TotalEnergies,GROUPE DESFOSSEY - SIEGE
TotalEnergies,GROUPE DESFOSSEY- ACCOR - IBIS RED NUITS SAINT GEORGES
TotalEnergies,Garage Pourchet
TotalEnergies,HOTEL AUX DUCS DE SIENNE
TotalEnergies,HOTEL VAL DE VIENNE
TotalEnergies,IBIS BUDGET AEROPORT DE LYON
TotalEnergies,IBIS MONT DE MARSAN
TotalEnergies,INTERPARKING
TotalEnergies,INTERPARKING 
TotalEnergies,KIA COLMAR CAR AVENUE
TotalEnergies,KIA EPINAL
TotalEnergies,KIA FORBACH
TotalEnergies,KIA HAGUENAU
TotalEnergies,KIA METZ
TotalEnergies,KIA MULHOUSE
TotalEnergies,L.R. Participations
TotalEnergies,LOUVRE HOTELS GROUP
TotalEnergies,La Recharge - Aix Marseille Provence
TotalEnergies,MAISON DES ENTREPRISES DIJON
TotalEnergies,MEL
TotalEnergies,MERCURE ALBI
TotalEnergies,PAUL KROELY ETOILE 67
TotalEnergies,PSA Agents France
TotalEnergies,RIESTER BEAUVAIS
TotalEnergies,RIESTER BUSSY
TotalEnergies,RIESTER COULOMMIERS
TotalEnergies,RIESTER MEAUX
TotalEnergies,RIESTER SAINT MAXIMIN
TotalEnergies,Renault Agents France
TotalEnergies,Résidence les Primevères
TotalEnergies,SAEMES
TotalEnergies,SAEMES Méditérranée
TotalEnergies,SAMSE - ERP BASSENS-Parking magasin
TotalEnergies,SAMSE - ERP COMBOIRE
TotalEnergies,SAMSE - ERP EDB ANNEMASSE
TotalEnergies,SCI DUBOIS SIMONNEAU BEAUNE
TotalEnergies,SCI GADMP
TotalEnergies,TERRITOIRE D'ENERGIE ORNE
TotalEnergies,TotalEnergies
TotalEnergies,TotalEnergies - Compiègne
TotalEnergies,TotalEnergies - La Plagne
TotalEnergies,TotalEnergies - Metpark
TotalEnergies,TotalEnergies Charge Rapide
TotalEnergies,VIKING CASINOS
TotalEnergies,VIKINGS CASINO FREJUS
TotalEnergies,VIKINGS CASINO IBIS BUDGET BONCHAMPS LAVAL
TotalEnergies,VIKINGS CASINO IBIS BUDGET GRANVILLE
TotalEnergies,VIKINGS CASINO IBIS ROUGE FALAISE
TotalEnergies,VIKINGS CASINO MERCURE GRANVILLE
TotalEnergies,VIKINGS CASINO MERCURE HONFLEUR
TotalEnergies,VIKINGS CASINO SANARY SUR MER
TotalEnergies,WARNING
TotalEnergies,enedis
TotalEnergies, SAMSE - GRENOBLE
TotalEnergies, VIKINGS CASINO BUSSANG
Ubitricity,"Shell Recharge 1 Rue du Carreau, Beaurepaire"
Ubitricity,"Shell Recharge 107 Rue Commandant Abadie, Le Havre"
Ubitricity,"Shell Recharge 11 rue de Mondeville (AQUABOWLING), Criquetot l’Esneva"
Ubitricity,"Shell Recharge 117, avenue Rouget de L’Isle, Le Havre"
Ubitricity,"Shell Recharge 163 Irene Juliot Curie, Le Havre"
Ubitricity,"Shell Recharge 18 rue du Homet, Le Havre"
Ubitricity,"Shell Recharge 2 Rue Philippe Lebon (Place des Expositions), Le Havre"
Ubitricity,"Shell Recharge 3 Rue Dume d’Aplemeont, Le Havre"
Ubitricity,"Shell Recharge 30 Rue Georges Boissaye du Bocage, Sainte-Adresse"
Ubitricity,"Shell Recharge 444 Avenue du bois au Coq, Le Havre"
Ubitricity,"Shell Recharge 54 Rue Eugène Bodin, Le Havre"
Ubitricity,"Shell Recharge 55 Rue du 329ème, Le Havre"
Ubitricity,"Shell Recharge 60 Rue Théophile Gautier, Le Havre, [AN null]"
Ubitricity,"Shell Recharge 626 Route de Gonneville, Sainte-Marie-au-Bosc, [AN null]"
Ubitricity,"Shell Recharge 691 Route d Etretat, Villainville, [AN 0]"
Ubitricity,"Shell Recharge 7 Rue de Dieppe, Le Havre"
Ubitricity,"Shell Recharge 97 Rue Eugène Mopin, Le Havre, [AN -]"
Ubitricity,"Shell Recharge Allée Henri Wallon, Le Havre"
Ubitricity,"Shell Recharge Georges Brassens, Gonfreville L’Orcher"
Ubitricity,"Shell Recharge La cote de l'église, Notre-Dame-du-Bec"
Ubitricity,"Shell Recharge Place Abbé Pierre, Montivilliers"
Ubitricity,"Shell Recharge Place Danton, Le Havre"
Ubitricity,"Shell Recharge Place Leon Carlier (Rue Amiral Courbet), Le Havre"
Ubitricity,"Shell Recharge Rue André Gide / Route du Château, Cuverville"
Ubitricity,"Shell Recharge Rue Boris Vian, Le Havre"
Ubitricity,"Shell Recharge Rue Edouard Vaillant, Caucriauville"
Ubitricity,"Shell Recharge Rue Hannès Montlairy, LE HAVRE"
Ubitricity,"Shell Recharge Rue Henri Cayeux / boulevard Bois au Coq (Parking PFC MARKET), Le Havre"
Ubitricity,"Shell Recharge Rue Maurice Baquet, Gonfreville l’Orcher"
Ubitricity,"Shell Recharge Rue Pauline Kergomard, Le Havre"
Ubitricity,"Shell Recharge Rue Victor Petitpas, Rolleville"
Ubitricity,"Shell Recharge Rue du Chemin de Fer, Épouville"
Ubitricity,"Shell Recharge Rue du Dr d’Oreilly, Le Havre"
Ubitricity,"Shell Recharge Rue du general Mangin / Rue Pierre Guillaume Petit, Le HAVRE"
Virta,Groupama supports et services 
Virta,Réseau de recharge Virta Public
Voltalia Mobility | FR*USC,Yusco
WAAT SAS | FR*WA2,WAAT
WAAT SAS | FR*WA3,WAAT
WAAT SAS | FR*WA4,WAAT
WAAT SAS | FR*WA5,WAAT
WAAT Umbrella-Copro,WAAT - GROUPE COLISEE France
WAAT Umbrella-Copro,WAAT - ICADE
WAAT Umbrella-Copro,WAAT - PROUDREED
WAAT Umbrella-Copro,WAAT - RENT A CAR France
WAAT Umbrella-Copro,WAAT - SPEEDY France
WAAT Umbrella-Copro,WAAT - Test Client
WAAT Umbrella-Copro,WAAT Tertiaire
WAAT Umbrella-Copro,WAAT Umbrella-Copro
WattzHub | FR*SMI,WattzHub
Yaway,Kallista-Yaway
Z-E-N | FR*PVD,Proviridis
ZETRA Distribution SAS,ZETRA
Zephyre SAS,AR Duen
Zephyre SAS,Airria
Zephyre SAS,Best Hotel Mayenne
Zephyre SAS,Best Hotel Rouen-Est / Val De Reuil
Zephyre SAS,Comfort Hotel Lille l'Union
Zephyre SAS,Comfort Hotel Paris Sud
Zephyre SAS,GHO Annecy 
Zephyre SAS,GHO Creteil Le Lac
Zephyre SAS,GHO Dijon Sud
Zephyre SAS,GHO Evry
Zephyre SAS,GHO Fontainebleau Royal
Zephyre SAS,GHO Le Coudray
Zephyre SAS,GHO Lille aeroport
Zephyre SAS,GHO Lyon Bron
Zephyre SAS,GHO Maffliers
Zephyre SAS,GHO Metz Hauconcourt
Zephyre SAS,GHO Metz Nord
Zephyre SAS,GHO Narbonne
Zephyre SAS,GHO Orleans sud la source
Zephyre SAS,GHO Reims Parc des expositions
Zephyre SAS,GHO Sophia Antipolis
Zephyre SAS,Garage Beaudouin
Zephyre SAS,Garage Chambault SARL 
Zephyre SAS,Garage Gois Automobiles
Zephyre SAS,Hostellerie Moulin des Ruats
Zephyre SAS,Hotel - Les Fermes de Marie
Zephyre SAS,Hôtel & Restaurant ARGI-EDER
Zephyre SAS,Hôtel Beauséjour
Zephyre SAS,Hôtel Kyriad Prestige Dijon Nord Valmy
Zephyre SAS,Hôtel Kyriad St Jean de Védas
Zephyre SAS,Hôtel Logis Europa
Zephyre SAS,Hôtel Mercure Annemasse Porte de Genève
Zephyre SAS,Hôtel Meurice Calais
Zephyre SAS,Hôtel Saint Joseph
Zephyre SAS,Hôtel le Relais de Comodoliac
Zephyre SAS,Ibis Budget Evreux
Zephyre SAS,Ibis Centre Ales
Zephyre SAS,Ibis Nimes Ouest
Zephyre SAS,Kyriad - Lunel
Zephyre SAS,Kyriad Lattes
Zephyre SAS,LE CHRYSTAL (HOTEL CRYSTAL)
Zephyre SAS,La Bertelière
Zephyre SAS,Logis Auberge du Relais
Zephyre SAS,Logis Central Hôtel
Zephyre SAS,Logis Hostellerie d'Aussois
Zephyre SAS,Logis Hostellerie du Causse
Zephyre SAS,Logis Hotel Cheval Blanc
Zephyre SAS,Logis Hotel La Peyrade
Zephyre SAS,Logis Hôtel Arbezie Franco-Suisse
Zephyre SAS,Logis Hôtel Castel Damandre
Zephyre SAS,Logis Hôtel Edgar
Zephyre SAS,Logis Hôtel Fontarabie
Zephyre SAS,Logis Hôtel Le Faisan Doré
Zephyre SAS,Logis Hôtel Oasis
Zephyre SAS,Logis Hôtel Restaurant de France
Zephyre SAS,Logis Hôtel de la Paix
Zephyre SAS,Logis Hôtel de la Poste
Zephyre SAS,Logis Hôtel des Lacs
Zephyre SAS,Logis Hôtel l'Occitan
Zephyre SAS,Logis Hôtel la Bombardière
Zephyre SAS,Logis Hôtel la Chatellenie
Zephyre SAS,Logis Hôtel la Croix de Savoie & Spa
Zephyre SAS,Logis Hôtel le Ménestrel
Zephyre SAS,Logis Hôtel le Parc Rest. Joséphine
Zephyre SAS,Logis Hôtel le Relais Marine
Zephyre SAS,Logis Hôtel le Relais du Taurion
Zephyre SAS,Logis Hôtel le Sablier du Temps
Zephyre SAS,Logis Hôtel le Tulipier
Zephyre SAS,Logis Hôtel les 3 Lieux
Zephyre SAS,Logis Hôtel les Capucins
Zephyre SAS,Logis La Forestière
Zephyre SAS,Logis Maison Glenn Anna 
Zephyre SAS,Logis Mar I Sol
Zephyre SAS,Manoir du Lys
Zephyre SAS,Mercure Quimper Centre
Zephyre SAS,N.M.A Sud-Ouest
Zephyre SAS,NORAUTO - Aubagne
Zephyre SAS,NORAUTO - Barjouville
Zephyre SAS,NORAUTO - Plaisir
Zephyre SAS,NatUp
Zephyre SAS,Nex Hotel Tarbes
Zephyre SAS,Opéralia les Pins
Zephyre SAS,Pullman Toulouse Airport Hotel
Zephyre SAS,Radisson Blu Disney
Zephyre SAS,Societe Insulaire Garage Corse
Zephyre SAS,UNICAP - GARAGE DU CENTRE
Zephyre SAS,UNICAP - GARAGE DU PALAIS
Zephyre SAS,UNICAP - GARAGE FLORET
Zephyre SAS,UNICAP - GARAGE MECASUD
Zephyre SAS,UNICAP - GARAGE SAINT AUBIN
Zephyre SAS,UNICAP - GARAGE SANTA MARIA
Zephyre SAS,UNICAP - GARAGE SERVA AUTOS
Zephyre SAS,UNICAP - Garage Croix St Ladre
Zephyre SAS,UNICAP - Garage Gois Automobiles
Zephyre SAS,UNICAP - Garage Horizon Automobiles
Zephyre SAS,UNICAP - Garage Pochet
Zephyre SAS,UNICAP - Garage des 2 Caps
Zephyre SAS,UNICAP - LOUE AUTOMOBILES
Zephyre SAS,UNICAP - SARL DU COLOMBIER
Zephyre SAS, Logis Hôtel la Ferme des Mares
Zephyre | FR*ZP1,Zephyre
Zunder,Zunder
Zunder (Grupo Easycharger S.A),e-charge50
bp France,bp pulse
e-charge50,e-charge50
electromaps,EDF
electromaps,Ligue Occitanie Basketball
electromaps,ROAD54 / ChargeMeUp
sas e-motum,e-motum
